f1,f2,mean_abs_interaction
patch_num_hunks,repo_top_level_dir_count,0.009822095534722262
patch_lines_deleted,patch_hunk_gap_mean,0.006659373811809136
patch_num_hunks,patch_lines_added,0.005524849759814043
patch_num_hunks,patch_lines_deleted,0.005449565853940759
patch_lines_deleted,repo_top_level_dir_count,0.005212290983874006
patch_num_hunks,patch_hunk_gap_mean,0.004252996624726127
patch_lines_deleted,patch_lines_added,0.004073442500986813
patch_num_hunks,repo_dir_count,0.003955374109898132
patch_num_hunks,repo_mean_known_file_size,0.003756698830169934
patch_lines_deleted,repo_test_ratio,0.003172532183266588
patch_hunk_gap_mean,patch_lines_added,0.003118062884336464
repo_dir_count,repo_total_known_size,0.0028651639278624375
patch_lines_deleted,repo_mean_known_file_size,0.002779023518253464
patch_lines_deleted,repo_mean_file_depth,0.002702233715419714
patch_lines_deleted,repo_dir_count,0.002572325051849186
patch_num_hunks,repo_test_ratio,0.002542949397558005
repo_top_level_dir_count,patch_lines_added,0.002493254556844534
patch_num_hunks,repo_total_known_size,0.0024885669624725958
patch_num_hunks,repo_mean_file_depth,0.0024851904392681006
patch_num_hunks,repo_python_file_count,0.0024794372574566048
repo_top_level_dir_count,repo_mean_file_depth,0.0024526807202763204
repo_dir_count,repo_basename_collision_count,0.002438034685998875
patch_lines_deleted,repo_total_known_size,0.002274731192084468
patch_num_hunks,repo_basename_collision_count,0.00217963531115417
patch_lines_deleted,patch_edit_fragmentation,0.0021050797733354483
repo_top_level_dir_count,repo_mean_known_file_size,0.002082552866433844
patch_lines_deleted,repo_python_file_count,0.002059242097404093
repo_dir_count,repo_has_tests_dir,0.002046663717103428
repo_top_level_dir_count,repo_python_file_count,0.0020337143244299476
patch_num_hunks,repo_file_count,0.002033371298418652
patch_hunk_gap_mean,repo_python_file_count,0.002001623311724868
patch_num_hunks,prompt_sent_count,0.0019415270807318916
repo_python_file_count,repo_file_count,0.0019104636739999065
repo_top_level_dir_count,patch_edit_fragmentation,0.0018737379862532365
patch_lines_deleted,repo_file_count,0.001800041019830365
patch_hunk_gap_mean,repo_dir_count,0.0017915968515692696
patch_hunk_gap_mean,repo_mean_known_file_size,0.0017885151015944818
patch_hunk_gap_mean,repo_total_known_size,0.0017838470990389752
repo_total_known_size,repo_test_ratio,0.001759013188197016
repo_dir_count,repo_file_count,0.0017463530936881343
patch_lines_added,repo_test_ratio,0.0017302027927620985
repo_top_level_dir_count,repo_file_count,0.0016837130120723645
repo_top_level_dir_count,repo_basename_collision_count,0.0016822656178437326
patch_num_hunks,patch_python_files_changed,0.0016318062230064232
repo_top_level_dir_count,repo_total_known_size,0.0015933810267035485
patch_hunk_gap_mean,repo_test_ratio,0.0015909551427599057
patch_num_hunks,patch_edit_fragmentation,0.0015796963406633704
repo_top_level_dir_count,repo_dir_count,0.001576931593607362
patch_num_hunks,repo_test_file_count,0.0015639275898953005
patch_num_hunks,prompt_mean_competing_dependents_per_head,0.0015545569692955198
patch_hunk_gap_mean,repo_top_level_dir_count,0.0015385455188747202
patch_lines_added,repo_dir_count,0.0014813964803802987
patch_lines_deleted,repo_basename_collision_count,0.0014728811530769841
repo_total_known_size,repo_basename_collision_count,0.00145276800369889
prompt_dep_distance_mean,prompt_dep_distance_max,0.00138625474714376
repo_mean_known_file_size,patch_edit_fragmentation,0.0013755542985028682
repo_dir_count,repo_mean_known_file_size,0.0013721464936755998
patch_lines_added,patch_python_files_changed,0.0013680956842434654
repo_top_level_dir_count,repo_test_ratio,0.001360635763773614
patch_lines_added,repo_mean_file_depth,0.0013564445322349628
repo_total_known_size,repo_mean_file_depth,0.001333198500410956
patch_lines_added,repo_basename_collision_count,0.0013224209299690047
repo_mean_known_file_size,repo_python_file_count,0.0012879710773477616
repo_dir_count,repo_mean_file_depth,0.0012753776459702962
patch_lines_added,repo_total_known_size,0.0012621240147699536
repo_mean_known_file_size,repo_mean_file_depth,0.0012085413176423168
repo_dir_count,repo_python_file_count,0.0011660772277484177
patch_lines_added,patch_edit_fragmentation,0.0010815396385992506
repo_top_level_dir_count,patch_python_files_changed,0.0010793098990482374
repo_top_level_dir_count,repo_test_file_count,0.0010598779782184829
repo_mean_file_depth,repo_basename_collision_count,0.0010531414881266514
repo_test_ratio,repo_mean_file_depth,0.0010359129829216904
prompt_pp_density_per_noun,prompt_branching_factor_mean,0.0010215208646428683
patch_hunk_gap_mean,repo_mean_file_depth,0.001020904469270146
patch_lines_deleted,repo_test_file_count,0.0010075958095008236
patch_lines_deleted,prompt_len_bpe,0.000995145626153511
patch_num_hunks,patch_primary_file_depth,0.0009353573873013915
repo_mean_known_file_size,prompt_coordination_density,0.0009338668052188792
patch_lines_deleted,patch_python_files_changed,0.0009286990900023301
patch_lines_added,repo_python_file_count,0.0009220448756813205
patch_num_hunks,prompt_branching_factor_mean,0.0009144191328772105
patch_hunk_gap_mean,patch_edit_fragmentation,0.0009076813022315202
patch_hunk_gap_mean,repo_basename_collision_count,0.0009069166247943484
repo_total_known_size,repo_python_file_count,0.0008910336368276197
repo_mean_known_file_size,prompt_sent_count,0.0008894775528993284
patch_lines_added,repo_mean_known_file_size,0.0008885951692060934
repo_mean_file_depth,repo_file_count,0.0008870580053444674
patch_num_hunks,repo_has_tests_dir,0.0008803230247112058
patch_lines_deleted,prompt_entity_reuse_ratio,0.0008784912250293802
repo_mean_known_file_size,repo_total_known_size,0.0008771809354075056
patch_hunk_gap_mean,repo_file_count,0.0008662354599625471
patch_num_hunks,prompt_entity_reuse_ratio,0.0008641338504448941
patch_lines_deleted,prompt_coordination_density,0.0008602111093421602
patch_hunk_gap_mean,prompt_sent_count,0.0008598835899844305
repo_mean_known_file_size,prompt_entity_reuse_ratio,0.0008587584210261416
prompt_sent_count,prompt_sentence_embedding_sim_mean,0.0008579160292901651
prompt_mean_competing_dependents_per_head,prompt_attachment_competition_ratio,0.0008573828443025665
patch_hunk_gap_mean,repo_test_file_count,0.0008532227346350467
patch_lines_added,repo_test_file_count,0.0008502265874215182
patch_hunk_gap_mean,prompt_coordination_density,0.0008437124891387098
repo_mean_known_file_size,repo_basename_collision_count,0.0008401395978756354
prompt_len_bpe,prompt_branching_factor_mean,0.0008362989925237653
prompt_coordination_density,prompt_attachment_competition_ratio,0.0008261867847657236
repo_python_file_count,repo_mean_file_depth,0.0008224008704291501
patch_lines_added,prompt_len_bpe,0.0007934147286068955
patch_lines_deleted,prompt_pronouns_per_sentence,0.0007920368770126285
repo_test_ratio,repo_python_file_count,0.0007832483662645407
patch_lines_added,prompt_entity_reuse_ratio,0.0007789594901989412
repo_top_level_dir_count,prompt_len_bpe,0.0007777515125959506
patch_num_hunks,prompt_len_bpe,0.0007748136961317295
repo_mean_known_file_size,repo_test_ratio,0.0007728406849517628
repo_basename_collision_count,repo_file_count,0.0007708782076417677
patch_lines_added,prompt_coordination_density,0.0007698657337430605
prompt_coordination_density,prompt_pronouns_per_sentence,0.0007694864169086496
prompt_dep_distance_max,prompt_clause_length_mean,0.0007680927162632353
patch_lines_deleted,patch_primary_file_depth,0.0007562866936361467
repo_total_known_size,prompt_sent_count,0.0007559097944964792
patch_num_hunks,prompt_coordination_density,0.000752992584658089
prompt_pp_density_per_noun,prompt_pronouns_per_sentence,0.0007523410395761626
repo_dir_count,repo_test_ratio,0.0007430340592528268
prompt_pronoun_candidate_antecedent_density,prompt_clause_length_mean,0.0007383620875166881
patch_num_hunks,repo_max_depth,0.0007365511869532558
repo_total_known_size,repo_has_tests_dir,0.0007347762750561511
prompt_pronouns_per_sentence,prompt_clausal_branching_factor,0.0007297487487039222
prompt_coordination_density,repo_test_file_count,0.0007248384174114505
repo_dir_count,repo_test_file_count,0.0007240733625529542
repo_total_known_size,repo_test_file_count,0.0007206987796531692
prompt_pp_density_per_noun,prompt_dep_distance_mean,0.0007196286622114624
patch_lines_added,repo_has_tests_dir,0.0007142296021611786
prompt_coordination_density,prompt_clause_length_mean,0.0007134797960365066
patch_num_hunks,prompt_sentence_embedding_sim_min,0.0007122953861058378
patch_num_hunks,prompt_pronouns_per_sentence,0.0007111125343862914
prompt_coordination_density,prompt_dep_distance_mean,0.0007054981886156482
prompt_coordination_density,prompt_dep_distance_max,0.0007017530131734125
prompt_len_bpe,prompt_sentence_embedding_sim_mean,0.0006963601375637021
patch_lines_deleted,prompt_pp_density_per_noun,0.0006955562670763132
prompt_mean_competing_dependents_per_head,prompt_pronoun_candidate_antecedent_density,0.000695299539527627
prompt_len_bpe,prompt_pronouns_per_sentence,0.0006922681307957646
repo_python_file_count,repo_basename_collision_count,0.0006889441629301935
patch_num_hunks,prompt_adjacent_lemma_overlap_mean,0.00068850663125618
patch_lines_added,repo_file_count,0.0006864182474058091
repo_mean_known_file_size,prompt_branching_factor_mean,0.0006841927021449049
patch_lines_deleted,repo_has_tests_dir,0.0006827680514065626
prompt_coordination_density,prompt_entity_reuse_ratio,0.0006794256222514122
patch_hunk_gap_mean,prompt_len_bpe,0.0006731842427706762
repo_top_level_dir_count,prompt_sentence_embedding_sim_min,0.0006729079726503148
repo_python_file_count,repo_test_file_count,0.0006723177888833028
patch_num_hunks,prompt_pp_density_per_clause,0.0006699420157930914
patch_hunk_gap_mean,prompt_entity_reuse_ratio,0.000667265744299207
prompt_coordination_density,prompt_pp_density_per_noun,0.0006662725225365572
repo_test_ratio,prompt_entity_reuse_ratio,0.0006639141066890398
repo_test_ratio,repo_file_count,0.0006636801376810718
patch_python_files_changed,patch_churn_gini_over_files,0.0006627647614119368
prompt_clause_nesting_depth_mean,prompt_dep_distance_max,0.0006608830011866256
repo_test_ratio,repo_basename_collision_count,0.0006595594014732306
prompt_dep_distance_mean,prompt_clause_length_mean,0.0006552555802527857
repo_total_known_size,repo_file_count,0.000652361565213562
repo_top_level_dir_count,prompt_entity_reuse_ratio,0.0006522678221720869
prompt_len_bpe,prompt_adjacent_lemma_overlap_mean,0.0006497050958550204
patch_lines_deleted,prompt_clause_length_mean,0.0006425468686359666
patch_num_hunks,prompt_clause_nesting_depth_mean,0.0006406484181202773
patch_num_hunks,patch_churn_gini_over_files,0.0006390513622606444
prompt_branching_factor_mean,prompt_dep_distance_mean,0.0006384649226024433
repo_mean_known_file_size,prompt_pp_density_per_clause,0.0006346205681724279
patch_hunk_gap_mean,prompt_branching_factor_mean,0.0006295485217811473
repo_mean_known_file_size,repo_file_count,0.0006277147853945376
repo_test_ratio,prompt_pronouns_per_sentence,0.0006272956934713535
patch_lines_added,prompt_sentence_embedding_sim_min,0.0006257977362808052
prompt_adjacent_lemma_overlap_mean,prompt_sentence_embedding_sim_mean,0.0006250538573397613
patch_hunk_gap_mean,repo_has_tests_dir,0.0006229182189006918
prompt_entity_reuse_ratio,repo_test_file_count,0.000622641023108466
repo_mean_known_file_size,prompt_adjacent_lemma_overlap_mean,0.0006185415847068107
prompt_entity_reuse_ratio,prompt_attachment_competition_ratio,0.0006180235353719653
repo_python_file_count,repo_has_tests_dir,0.0006166189442192556
repo_total_known_size,patch_edit_fragmentation,0.0006162342728662347
repo_mean_file_depth,patch_edit_fragmentation,0.0006157951922172291
repo_test_ratio,patch_edit_fragmentation,0.0006155377345736086
patch_lines_deleted,prompt_mean_competing_dependents_per_head,0.0006133191732921166
repo_test_ratio,patch_python_files_changed,0.0006128353871701466
patch_lines_added,prompt_pp_density_per_clause,0.0006091398279421074
repo_total_known_size,patch_python_files_changed,0.0006076229454037836
patch_lines_added,prompt_sent_count,0.0006063608266013725
prompt_pronoun_candidate_antecedent_density,prompt_branching_factor_mean,0.0006061748055742965
repo_mean_file_depth,repo_test_file_count,0.000605520282239698
prompt_coordination_density,prompt_pronoun_candidate_antecedent_density,0.0006055119697941421
prompt_clause_nesting_depth_mean,prompt_clausal_branching_factor,0.0006042585129527029
patch_edit_fragmentation,repo_basename_collision_count,0.0006006894627860046
prompt_pronoun_candidate_antecedent_density,prompt_attachment_competition_ratio,0.0005999870505386381
prompt_dep_distance_mean,prompt_sentence_embedding_sim_mean,0.0005985530356128413
patch_lines_added,prompt_dep_distance_mean,0.0005971783820285743
patch_num_hunks,prompt_attachment_competition_ratio,0.0005945408629311473
prompt_dep_distance_mean,prompt_attachment_competition_ratio,0.0005919043530357281
patch_num_hunks,prompt_pp_density_per_noun,0.0005918002305421549
repo_mean_known_file_size,repo_test_file_count,0.0005898403485024152
prompt_dep_distance_max,prompt_mean_conj_chain_len,0.000589805590227351
patch_num_hunks,repo_has_docs_dir,0.0005890973922094688
prompt_dep_distance_max,prompt_attachment_competition_ratio,0.0005887497575749065
repo_test_ratio,prompt_len_bpe,0.0005886545459712237
repo_test_ratio,prompt_pp_density_per_noun,0.00058704504771746
patch_lines_added,prompt_branching_factor_mean,0.0005851571469666374
repo_mean_known_file_size,prompt_len_bpe,0.0005849292344480725
prompt_coordination_density,prompt_pp_density_per_clause,0.0005848597381820406
prompt_pronoun_candidate_antecedent_density,prompt_clausal_branching_factor,0.0005844294958685173
prompt_pronoun_candidate_antecedent_density,prompt_sentence_embedding_sim_mean,0.0005828881760401508
patch_lines_added,prompt_pronouns_per_sentence,0.000582184033241358
prompt_coordination_density,prompt_mean_competing_dependents_per_head,0.0005812299171048649
repo_top_level_dir_count,prompt_adjacent_lemma_overlap_mean,0.0005783583556409327
prompt_pp_density_per_noun,prompt_pp_density_per_clause,0.0005782644932073638
patch_lines_deleted,prompt_branching_factor_mean,0.0005772116228993327
prompt_clause_nesting_depth_mean,prompt_dep_distance_mean,0.0005765468001787216
prompt_clausal_branching_factor,prompt_dep_distance_max,0.0005763008281159668
patch_num_hunks,prompt_pronoun_candidate_antecedent_density,0.00057604389613932
prompt_pronoun_candidate_antecedent_density,prompt_verb_coordination_ratio,0.0005740604789329012
patch_lines_added,prompt_adjacent_lemma_overlap_mean,0.0005698198513278958
prompt_pp_density_per_noun,prompt_sentence_embedding_sim_mean,0.000568742594948363
prompt_pronouns_per_sentence,prompt_adjacent_lemma_overlap_mean,0.0005686538958917761
repo_total_known_size,prompt_clausal_branching_factor,0.0005678932295934045
patch_hunk_gap_mean,prompt_mean_competing_dependents_per_head,0.0005675805731864666
repo_mean_known_file_size,prompt_clause_nesting_depth_mean,0.0005672284008370332
repo_test_file_count,repo_max_depth,0.0005666107057820253
prompt_pp_density_per_noun,repo_test_file_count,0.0005655256741253323
prompt_coordination_density,prompt_clause_nesting_depth_mean,0.0005649290754693356
repo_total_known_size,prompt_pp_density_per_clause,0.0005635708601362232
patch_lines_added,patch_churn_gini_over_files,0.0005628290245605225
patch_lines_deleted,prompt_pp_density_per_clause,0.0005617944434921315
patch_num_hunks,prompt_mean_conj_chain_len,0.0005617079764958519
patch_lines_deleted,prompt_attachment_competition_ratio,0.0005616980172751648
repo_test_ratio,prompt_mean_conj_chain_len,0.0005597587377866126
patch_lines_deleted,prompt_sentence_embedding_sim_mean,0.0005590105038920384
prompt_entity_reuse_ratio,prompt_mean_competing_dependents_per_head,0.0005586938157593703
patch_num_hunks,prompt_clause_length_mean,0.0005583441296226964
repo_total_known_size,prompt_coordination_density,0.0005570225784370255
prompt_pronouns_per_sentence,prompt_dep_distance_mean,0.0005557092348176855
patch_lines_deleted,prompt_sent_count,0.0005534474290021344
patch_lines_deleted,prompt_mean_conj_chain_len,0.000551365894795311
prompt_len_bpe,prompt_clausal_branching_factor,0.0005512488843462122
prompt_len_bpe,prompt_clause_length_mean,0.0005509808548354338
prompt_pronouns_per_sentence,prompt_branching_factor_mean,0.0005506955447552261
prompt_pp_density_per_clause,prompt_clause_length_mean,0.0005504345534611006
repo_file_count,repo_max_depth,0.000548187621882958
prompt_pp_density_per_noun,prompt_clause_length_mean,0.0005466543731817643
repo_total_known_size,prompt_len_bpe,0.000544197511197258
patch_hunk_gap_mean,prompt_pp_density_per_noun,0.0005427164730234801
prompt_pp_density_per_noun,prompt_dep_distance_max,0.0005426390517838585
prompt_coordination_density,prompt_multi_antecedent_pronoun_ratio,0.0005415051778735363
patch_lines_deleted,prompt_verb_coordination_ratio,0.0005407192253533386
prompt_pp_density_per_noun,prompt_len_bpe,0.0005406232074052548
patch_hunk_gap_mean,patch_python_files_changed,0.0005404913479892674
prompt_len_bpe,prompt_pp_density_per_clause,0.0005397843513727535
prompt_entity_reuse_ratio,prompt_pp_density_per_clause,0.0005384812752862967
prompt_mean_competing_dependents_per_head,prompt_clause_length_mean,0.0005376091522693645
repo_test_ratio,prompt_mean_competing_dependents_per_head,0.0005363572512837405
repo_mean_known_file_size,repo_has_tests_dir,0.0005361717672941351
repo_mean_known_file_size,prompt_pronoun_candidate_antecedent_density,0.0005345854290794084
prompt_adjacent_lemma_overlap_mean,prompt_attachment_competition_ratio,0.0005341899566543441
repo_mean_known_file_size,prompt_mean_competing_dependents_per_head,0.0005330158301480758
patch_lines_added,prompt_mean_competing_dependents_per_head,0.0005315998631434365
prompt_len_bpe,repo_test_file_count,0.0005314259557910482
prompt_coordination_density,prompt_clausal_branching_factor,0.0005295154810554463
patch_lines_added,prompt_mean_conj_chain_len,0.0005294769866675537
prompt_len_bpe,prompt_attachment_competition_ratio,0.0005291720008520945
repo_top_level_dir_count,prompt_pronoun_candidate_antecedent_density,0.0005286610992702884
prompt_pp_density_per_noun,prompt_pronoun_candidate_antecedent_density,0.0005285361444888948
prompt_clause_nesting_depth_mean,prompt_pronouns_per_sentence,0.0005282354588010476
repo_total_known_size,prompt_branching_factor_mean,0.0005274032642077936
repo_dir_count,patch_edit_fragmentation,0.000527357746929138
patch_hunk_gap_mean,prompt_sentence_embedding_sim_min,0.0005268790249052623
patch_lines_added,prompt_sentence_embedding_sim_mean,0.000526660633215091
prompt_pp_density_per_clause,prompt_dep_distance_mean,0.0005263406571623043
prompt_branching_factor_mean,prompt_clause_length_mean,0.0005262783243785825
repo_test_ratio,prompt_pp_density_per_clause,0.0005251377847515858
prompt_sent_count,prompt_coordination_density,0.0005248032107076392
patch_lines_added,prompt_noun_coordination_ratio,0.0005239281273891792
prompt_len_bpe,prompt_multi_pp_head_ratio,0.0005231271919215709
prompt_mean_competing_dependents_per_head,prompt_branching_factor_mean,0.0005198403889168371
repo_mean_known_file_size,prompt_pronouns_per_sentence,0.0005191904655069845
repo_test_ratio,repo_has_tests_dir,0.0005175597795429386
prompt_mean_competing_dependents_per_head,prompt_pronouns_per_sentence,0.0005173148748492165
patch_hunk_gap_mean,prompt_attachment_competition_ratio,0.0005165538212421187
prompt_pp_density_per_clause,prompt_pronouns_per_sentence,0.0005153654856069297
repo_top_level_dir_count,patch_primary_file_depth,0.0005151389318888492
prompt_entity_reuse_ratio,prompt_dep_distance_max,0.0005136776776530686
repo_top_level_dir_count,prompt_pp_density_per_clause,0.0005136099689223698
repo_test_ratio,prompt_coordination_density,0.0005126940074418297
prompt_coordination_density,prompt_len_bpe,0.0005126099791346283
prompt_pp_density_per_clause,prompt_multi_pp_head_ratio,0.0005107715728906414
repo_mean_file_depth,prompt_sent_count,0.0005075073498109175
prompt_entity_reuse_ratio,prompt_dep_distance_mean,0.0005072884459892376
repo_basename_collision_count,repo_test_file_count,0.0005058520647765591
patch_hunk_gap_mean,prompt_sentence_embedding_sim_mean,0.0005056292585656243
prompt_pronoun_candidate_antecedent_density,prompt_dep_distance_mean,0.000504746250871691
prompt_clause_nesting_depth_mean,prompt_pronoun_candidate_antecedent_density,0.000503411701067672
patch_lines_deleted,prompt_clausal_branching_factor,0.0005033796013486024
patch_python_files_changed,repo_mean_file_depth,0.0005029225933014901
repo_top_level_dir_count,prompt_pronouns_per_sentence,0.0005026937899870629
patch_lines_added,prompt_clause_length_mean,0.0005013488016371385
repo_top_level_dir_count,prompt_clause_nesting_depth_mean,0.0005012098093797911
prompt_pronoun_candidate_antecedent_density,prompt_multi_antecedent_pronoun_ratio,0.0005002845376050704
prompt_mean_conj_chain_len,prompt_noun_coordination_ratio,0.0004992163631253203
repo_top_level_dir_count,prompt_mean_competing_dependents_per_head,0.0004975524857504483
repo_top_level_dir_count,repo_has_docs_dir,0.000496781718818401
repo_top_level_dir_count,prompt_noun_coordination_ratio,0.0004963051529052441
prompt_clausal_branching_factor,prompt_dep_distance_mean,0.0004958069596426323
patch_num_hunks,prompt_dep_distance_mean,0.0004943363626876052
patch_hunk_gap_mean,prompt_pronoun_candidate_antecedent_density,0.0004939097103826568
prompt_entity_reuse_ratio,prompt_adjacent_lemma_overlap_mean,0.0004932344629973604
prompt_len_bpe,prompt_clause_nesting_depth_mean,0.0004929614070806545
prompt_clause_nesting_depth_mean,prompt_attachment_competition_ratio,0.0004927183325969809
prompt_entity_reuse_ratio,prompt_pp_density_per_noun,0.0004925321587419085
prompt_pronouns_per_sentence,prompt_attachment_competition_ratio,0.0004916639387777727
repo_mean_known_file_size,prompt_multi_antecedent_pronoun_ratio,0.0004908211288127341
patch_num_hunks,prompt_clausal_branching_factor,0.0004903327506527102
prompt_coordination_density,prompt_mean_conj_chain_len,0.0004903062291063275
prompt_entity_reuse_ratio,prompt_len_bpe,0.0004899781191002445
prompt_sent_count,prompt_pp_density_per_noun,0.0004899020611919638
prompt_pp_density_per_noun,prompt_mean_competing_dependents_per_head,0.000488460378197036
prompt_adjacent_lemma_overlap_mean,prompt_multi_pp_head_ratio,0.0004883251446620147
prompt_mean_competing_dependents_per_head,prompt_sentence_embedding_sim_mean,0.0004882941876465844
repo_python_file_count,prompt_entity_reuse_ratio,0.0004877532701281758
repo_mean_known_file_size,prompt_dep_distance_mean,0.00048664485844642766
repo_top_level_dir_count,prompt_branching_factor_mean,0.0004864790445176923
repo_test_file_count,prompt_dep_distance_max,0.0004859533331449306
prompt_entity_reuse_ratio,prompt_clause_length_mean,0.0004857486389855581
prompt_mean_conj_chain_len,prompt_sentence_embedding_sim_mean,0.000484588634289665
repo_total_known_size,prompt_pp_density_per_noun,0.00048447698908413975
prompt_clause_length_mean,prompt_attachment_competition_ratio,0.00048301374060844726
patch_lines_deleted,prompt_sentence_embedding_sim_min,0.00048263050696803874
patch_hunk_gap_mean,prompt_clause_length_mean,0.0004821635276790422
prompt_clause_nesting_depth_mean,prompt_clause_length_mean,0.00048188083988130113
prompt_pronoun_candidate_antecedent_density,prompt_dep_distance_max,0.0004811596131758337
prompt_mean_conj_chain_len,prompt_clause_length_mean,0.0004809484244998195
repo_has_tests_dir,repo_test_file_count,0.00048069814811955763
prompt_coordination_density,prompt_sentence_embedding_sim_mean,0.0004804686118040156
prompt_entity_reuse_ratio,prompt_sentence_embedding_sim_mean,0.00048000071496760315
repo_python_file_count,prompt_len_bpe,0.0004797161708236144
patch_hunk_gap_mean,prompt_noun_coordination_ratio,0.00047927562628863866
repo_test_ratio,prompt_pronoun_candidate_antecedent_density,0.000478922736741927
prompt_branching_factor_mean,prompt_adjacent_lemma_overlap_mean,0.00047866990406595023
repo_test_ratio,prompt_attachment_competition_ratio,0.00047853419309111896
repo_top_level_dir_count,prompt_coordination_density,0.0004777341268101306
patch_lines_added,prompt_pronoun_candidate_antecedent_density,0.00047704534639643063
prompt_branching_factor_mean,prompt_clausal_branching_factor,0.0004769810979625184
repo_test_ratio,prompt_sent_count,0.000476952804767054
prompt_coordination_density,prompt_branching_factor_mean,0.00047683644176372593
prompt_entity_reuse_ratio,prompt_branching_factor_mean,0.0004753976321761996
prompt_sent_count,prompt_adjacent_lemma_overlap_mean,0.0004750739297850196
prompt_clausal_branching_factor,prompt_clause_length_mean,0.00047324447559425186
prompt_pronouns_per_sentence,prompt_clause_length_mean,0.0004729529927763845
prompt_pronouns_per_sentence,prompt_dep_distance_max,0.0004727992453949326
prompt_pp_density_per_noun,prompt_clausal_branching_factor,0.00047254445321758855
prompt_len_bpe,prompt_dep_distance_mean,0.0004717152588607674
prompt_branching_factor_mean,prompt_multi_pp_head_ratio,0.00047114545444327876
patch_lines_deleted,prompt_adjacent_lemma_overlap_mean,0.00046908846039398524
repo_test_file_count,prompt_branching_factor_mean,0.00046901325535370525
repo_top_level_dir_count,prompt_pp_density_per_noun,0.0004681118212174314
patch_lines_deleted,patch_churn_gini_over_files,0.0004676797691204309
patch_num_hunks,prompt_sentence_embedding_sim_mean,0.0004669358785717548
prompt_entity_reuse_ratio,prompt_clause_nesting_depth_mean,0.0004663586034947406
repo_total_known_size,prompt_dep_distance_max,0.0004657303788261746
repo_dir_count,prompt_multi_antecedent_pronoun_ratio,0.0004652918929440808
repo_total_known_size,prompt_entity_reuse_ratio,0.00046505849573232196
prompt_pp_density_per_clause,prompt_attachment_competition_ratio,0.0004633093411240565
patch_python_files_changed,prompt_multi_pp_head_ratio,0.00046285294828811246
repo_test_file_count,prompt_dep_distance_mean,0.0004623009765525178
patch_lines_deleted,repo_max_depth,0.000462118007204858
prompt_clause_nesting_depth_mean,prompt_mean_competing_dependents_per_head,0.0004613968759253204
prompt_coordination_density,prompt_adjacent_lemma_overlap_mean,0.0004609061749520927
prompt_pp_density_per_noun,prompt_clause_nesting_depth_mean,0.0004604093528867737
patch_lines_added,patch_primary_file_depth,0.0004592597505735915
repo_file_count,prompt_multi_antecedent_pronoun_ratio,0.0004592322511686894
patch_hunk_gap_mean,prompt_clausal_branching_factor,0.0004587327743509294
prompt_branching_factor_mean,prompt_dep_distance_max,0.0004574997886031243
patch_lines_added,prompt_clause_nesting_depth_mean,0.0004566842456701715
prompt_pronouns_per_sentence,prompt_sentence_embedding_sim_mean,0.0004564419318864159
prompt_clause_nesting_depth_mean,prompt_sentence_embedding_sim_mean,0.00045596118973610807
repo_test_ratio,prompt_sentence_embedding_sim_mean,0.00045537236172326007
repo_dir_count,prompt_coordination_density,0.000455317357888284
patch_lines_added,prompt_clausal_branching_factor,0.0004551424893014373
repo_python_file_count,prompt_sent_count,0.0004546349804045181
patch_hunk_gap_mean,prompt_adjacent_lemma_overlap_mean,0.00045391780355429214
patch_lines_deleted,prompt_dep_distance_mean,0.0004536665371156241
prompt_pp_density_per_noun,prompt_mean_conj_chain_len,0.00045287335162256463
prompt_clause_nesting_depth_mean,prompt_multi_antecedent_pronoun_ratio,0.0004527924344869005
prompt_multi_antecedent_pronoun_ratio,prompt_clause_length_mean,0.0004525887996431509
patch_lines_added,prompt_multi_pp_head_ratio,0.00045223975936405986
prompt_entity_reuse_ratio,repo_file_count,0.0004515845635273301
repo_mean_known_file_size,prompt_clause_length_mean,0.00045123236642665506
prompt_pronoun_candidate_antecedent_density,prompt_adjacent_lemma_overlap_mean,0.00045111262472433063
prompt_mean_competing_dependents_per_head,prompt_adjacent_lemma_overlap_mean,0.000450123941159218
prompt_sentence_embedding_sim_mean,prompt_attachment_competition_ratio,0.00044933591352655945
prompt_len_bpe,prompt_dep_distance_max,0.0004491287989359118
patch_hunk_gap_mean,prompt_dep_distance_mean,0.0004490919355333229
repo_mean_file_depth,prompt_multi_antecedent_pronoun_ratio,0.000448615258506297
prompt_clausal_branching_factor,prompt_mean_conj_chain_len,0.0004479641513982432
prompt_coordination_density,repo_basename_collision_count,0.00044795826786319466
repo_mean_known_file_size,prompt_attachment_competition_ratio,0.00044793833732655427
prompt_dep_distance_max,prompt_sentence_embedding_sim_mean,0.0004453178210757949
repo_mean_known_file_size,prompt_sentence_embedding_sim_mean,0.00044519978216702713
patch_lines_added,prompt_pp_density_per_noun,0.0004444122258723971
prompt_pp_density_per_clause,prompt_branching_factor_mean,0.00044356979943026574
prompt_multi_antecedent_pronoun_ratio,prompt_attachment_competition_ratio,0.00044275385170282095
patch_num_hunks,prompt_noun_coordination_ratio,0.00044169631457444337
patch_num_hunks,prompt_dep_distance_max,0.0004414592708091526
prompt_entity_reuse_ratio,prompt_multi_pp_head_ratio,0.0004413484854539672
prompt_clause_nesting_depth_mean,prompt_branching_factor_mean,0.0004412020215948124
prompt_pp_density_per_clause,prompt_adjacent_lemma_overlap_mean,0.00044113007881853473
repo_test_ratio,prompt_branching_factor_mean,0.00044091824962444356
patch_lines_deleted,prompt_multi_antecedent_pronoun_ratio,0.00043983161179528843
repo_mean_known_file_size,prompt_mean_conj_chain_len,0.00043980400190257745
prompt_clausal_branching_factor,prompt_adjacent_lemma_overlap_mean,0.0004395253919829022
patch_hunk_gap_mean,prompt_pp_density_per_clause,0.0004395212714569467
patch_num_hunks,prompt_multi_pp_head_ratio,0.0004386462382424644
prompt_pp_density_per_clause,prompt_pronoun_candidate_antecedent_density,0.0004382661225961943
prompt_entity_reuse_ratio,prompt_verb_coordination_ratio,0.0004380128107767691
repo_test_ratio,prompt_sentence_embedding_sim_min,0.0004371092799198849
repo_mean_file_depth,prompt_mean_competing_dependents_per_head,0.00043683337865695293
prompt_verb_coordination_ratio,prompt_multi_pp_head_ratio,0.00043660951248955613
repo_test_file_count,prompt_pronouns_per_sentence,0.00043656062045520046
prompt_mean_competing_dependents_per_head,prompt_noun_coordination_ratio,0.00043644197336531866
prompt_sentence_embedding_sim_mean,prompt_clause_length_mean,0.0004355895593048346
prompt_pp_density_per_clause,prompt_sentence_embedding_sim_mean,0.0004355524787424521
repo_top_level_dir_count,repo_has_tests_dir,0.00043498758822607843
prompt_pronouns_per_sentence,prompt_pronoun_candidate_antecedent_density,0.0004349656236647466
prompt_pp_density_per_noun,prompt_multi_antecedent_pronoun_ratio,0.0004348907493191843
prompt_clause_nesting_depth_mean,prompt_adjacent_lemma_overlap_mean,0.00043475654922926185
prompt_pp_density_per_noun,prompt_multi_pp_head_ratio,0.0004334916676080785
patch_lines_deleted,prompt_multi_pp_head_ratio,0.0004334161203264524
patch_hunk_gap_mean,repo_max_depth,0.00043186789488623754
repo_total_known_size,prompt_clause_nesting_depth_mean,0.00043128856059091266
repo_mean_file_depth,prompt_entity_reuse_ratio,0.00043094847882618894
prompt_adjacent_lemma_overlap_mean,prompt_noun_coordination_ratio,0.00042996886907749386
patch_lines_deleted,prompt_clause_nesting_depth_mean,0.00042909849500357246
patch_hunk_gap_mean,prompt_pronouns_per_sentence,0.00042824609892811263
patch_hunk_gap_mean,prompt_dep_distance_max,0.00042822382062171
repo_test_ratio,prompt_clause_nesting_depth_mean,0.000428132398880363
repo_test_ratio,prompt_clause_length_mean,0.0004280841999574734
prompt_pp_density_per_noun,prompt_attachment_competition_ratio,0.0004260355418412328
repo_file_count,prompt_verb_coordination_ratio,0.0004260133434927926
prompt_mean_competing_dependents_per_head,prompt_multi_antecedent_pronoun_ratio,0.0004258895627290431
patch_hunk_gap_mean,prompt_multi_pp_head_ratio,0.00042569168285817643
repo_python_file_count,prompt_coordination_density,0.00042566330851996734
prompt_sent_count,prompt_pronouns_per_sentence,0.0004248792326535118
repo_mean_file_depth,prompt_pp_density_per_noun,0.0004245908827673939
repo_test_ratio,prompt_dep_distance_mean,0.00042435833792122296
prompt_clausal_branching_factor,prompt_attachment_competition_ratio,0.000423978109765719
prompt_adjacent_lemma_overlap_mean,prompt_multi_antecedent_pronoun_ratio,0.00042371250683578685
prompt_pp_density_per_clause,prompt_mean_conj_chain_len,0.00042297424338080613
repo_test_file_count,prompt_clause_length_mean,0.000422811693663131
repo_top_level_dir_count,prompt_multi_antecedent_pronoun_ratio,0.0004226036964736482
prompt_entity_reuse_ratio,prompt_pronoun_candidate_antecedent_density,0.00042240229685113216
prompt_pp_density_per_clause,prompt_mean_competing_dependents_per_head,0.00042231379214642935
repo_python_file_count,prompt_clause_length_mean,0.00042203633518207967
prompt_pronouns_per_sentence,prompt_verb_coordination_ratio,0.0004217348576902712
repo_top_level_dir_count,prompt_dep_distance_max,0.0004216718363835904
prompt_sent_count,prompt_multi_pp_head_ratio,0.0004215360083776854
prompt_pp_density_per_clause,prompt_dep_distance_max,0.00042137402230266
repo_mean_known_file_size,prompt_clausal_branching_factor,0.0004211795878483961
repo_file_count,prompt_len_bpe,0.00042113023762473795
repo_top_level_dir_count,prompt_attachment_competition_ratio,0.00042072743798119333
repo_python_file_count,prompt_sentence_embedding_sim_mean,0.00042001032586475457
prompt_clausal_branching_factor,prompt_sentence_embedding_sim_mean,0.0004195227728415634
repo_top_level_dir_count,prompt_clause_length_mean,0.0004193823561432813
prompt_mean_competing_dependents_per_head,prompt_dep_distance_max,0.00041926738331934623
repo_test_ratio,prompt_clausal_branching_factor,0.0004188539646066735
patch_lines_deleted,repo_has_examples_dir,0.0004187200457213553
repo_basename_collision_count,prompt_len_bpe,0.0004186556104338728
repo_total_known_size,prompt_pronouns_per_sentence,0.0004182123018614377
prompt_verb_coordination_ratio,prompt_noun_coordination_ratio,0.0004177086823225344
repo_mean_known_file_size,prompt_dep_distance_max,0.00041761276582876345
prompt_adjacent_lemma_overlap_mean,prompt_clause_length_mean,0.00041743091107570326
repo_mean_known_file_size,patch_python_files_changed,0.0004172350266201168
prompt_mean_conj_chain_len,prompt_verb_coordination_ratio,0.0004161938269541099
repo_mean_file_depth,prompt_pp_density_per_clause,0.00041593230299017965
patch_lines_deleted,prompt_pronoun_candidate_antecedent_density,0.0004156328809963378
patch_num_hunks,prompt_verb_coordination_ratio,0.0004151479342036379
repo_test_ratio,prompt_multi_pp_head_ratio,0.00041502350798551253
prompt_adjacent_lemma_overlap_mean,prompt_dep_distance_max,0.00041494950855030626
patch_hunk_gap_mean,prompt_mean_conj_chain_len,0.0004145694593721623
patch_lines_added,prompt_dep_distance_max,0.0004134921739851237
patch_lines_deleted,prompt_dep_distance_max,0.00041290199368688903
repo_top_level_dir_count,prompt_sentence_embedding_sim_mean,0.0004128570310945859
prompt_branching_factor_mean,prompt_mean_conj_chain_len,0.0004122168965281208
prompt_clause_nesting_depth_mean,repo_test_file_count,0.00041067687161891675
prompt_coordination_density,repo_file_count,0.0004101253132957582
repo_python_file_count,prompt_multi_antecedent_pronoun_ratio,0.0004100097901475976
prompt_branching_factor_mean,prompt_verb_coordination_ratio,0.0004099358274675422
prompt_pp_density_per_clause,prompt_clausal_branching_factor,0.00040983904964751446
patch_num_hunks,repo_has_examples_dir,0.00040936093465709195
prompt_mean_competing_dependents_per_head,prompt_verb_coordination_ratio,0.0004091157261513232
patch_lines_added,prompt_verb_coordination_ratio,0.00040853103347744435
prompt_dep_distance_mean,prompt_noun_coordination_ratio,0.0004080549628972928
patch_lines_added,prompt_attachment_competition_ratio,0.00040706930450082937
prompt_pronoun_candidate_antecedent_density,prompt_multi_pp_head_ratio,0.00040704876994375987
repo_mean_file_depth,prompt_len_bpe,0.00040699359320762134
prompt_dep_distance_max,prompt_multi_pp_head_ratio,0.00040669470029895905
repo_test_ratio,prompt_multi_antecedent_pronoun_ratio,0.0004055905974476161
prompt_entity_reuse_ratio,prompt_pronouns_per_sentence,0.0004052995037499133
prompt_dep_distance_max,prompt_verb_coordination_ratio,0.000404940040417425
prompt_dep_distance_mean,prompt_adjacent_lemma_overlap_mean,0.00040430842052008943
prompt_coordination_density,prompt_multi_pp_head_ratio,0.00040427544081904365
prompt_len_bpe,prompt_pronoun_candidate_antecedent_density,0.000403681389905001
repo_python_file_count,prompt_dep_distance_max,0.00040367334349250723
prompt_pp_density_per_clause,prompt_noun_coordination_ratio,0.000402612321547052
repo_python_file_count,prompt_pronoun_candidate_antecedent_density,0.0004026038884298106
repo_mean_file_depth,prompt_clause_nesting_depth_mean,0.00040258856358735544
repo_basename_collision_count,prompt_multi_antecedent_pronoun_ratio,0.00040216311161471663
patch_hunk_gap_mean,prompt_clause_nesting_depth_mean,0.0004014612712114981
prompt_branching_factor_mean,prompt_sentence_embedding_sim_mean,0.0004010512281525446
prompt_pp_density_per_noun,prompt_adjacent_lemma_overlap_mean,0.0004008210269313975
repo_basename_collision_count,prompt_adjacent_lemma_overlap_mean,0.000400765788316236
repo_test_ratio,repo_test_file_count,0.0003989884162321378
prompt_adjacent_lemma_overlap_mean,prompt_verb_coordination_ratio,0.0003985865750019936
prompt_sent_count,prompt_pronoun_candidate_antecedent_density,0.00039833912604284456
prompt_dep_distance_mean,prompt_verb_coordination_ratio,0.0003975228000926788
prompt_pp_density_per_clause,repo_test_file_count,0.0003965729895260612
prompt_pronoun_candidate_antecedent_density,prompt_mean_conj_chain_len,0.0003965155499156389
repo_mean_known_file_size,prompt_multi_pp_head_ratio,0.000396447069652358
repo_python_file_count,prompt_clause_nesting_depth_mean,0.00039602906666606747
patch_num_hunks,prompt_multi_antecedent_pronoun_ratio,0.0003960087612829841
repo_total_known_size,prompt_clause_length_mean,0.00039587817784007487
repo_python_file_count,prompt_branching_factor_mean,0.00039560040157721253
prompt_coordination_density,prompt_verb_coordination_ratio,0.0003946031927513412
prompt_mean_conj_chain_len,prompt_attachment_competition_ratio,0.00039439534710112244
repo_python_file_count,prompt_mean_competing_dependents_per_head,0.0003935268693078568
repo_mean_known_file_size,prompt_pp_density_per_noun,0.0003934075077565332
patch_lines_added,patch_src_files_changed,0.00039309556851537805
prompt_len_bpe,prompt_mean_competing_dependents_per_head,0.0003926550654213287
patch_edit_fragmentation,repo_file_count,0.00039197752699751714
repo_top_level_dir_count,prompt_dep_distance_mean,0.0003913769941674924
repo_total_known_size,prompt_adjacent_lemma_overlap_mean,0.00039122305462771376
prompt_multi_antecedent_pronoun_ratio,prompt_sentence_embedding_sim_mean,0.00039097953326614333
prompt_pp_density_per_noun,prompt_verb_coordination_ratio,0.00039056888891956674
patch_lines_deleted,prompt_noun_coordination_ratio,0.0003885272463550413
repo_file_count,prompt_clause_nesting_depth_mean,0.00038850948280279247
repo_mean_file_depth,prompt_coordination_density,0.00038746773042948313
patch_edit_fragmentation,prompt_len_bpe,0.0003869919116968994
repo_total_known_size,prompt_dep_distance_mean,0.00038670390880774956
repo_dir_count,prompt_len_bpe,0.0003866387338557673
prompt_attachment_competition_ratio,prompt_multi_pp_head_ratio,0.00038505837204669784
patch_edit_fragmentation,prompt_entity_reuse_ratio,0.0003849448686096658
repo_python_file_count,patch_python_files_changed,0.0003847434916115508
repo_python_file_count,prompt_adjacent_lemma_overlap_mean,0.00038468208320365844
repo_top_level_dir_count,prompt_clausal_branching_factor,0.0003846653533826008
repo_dir_count,prompt_sent_count,0.0003846344231050628
repo_mean_file_depth,prompt_adjacent_lemma_overlap_mean,0.0003844119489828942
patch_lines_deleted,patch_src_files_changed,0.00038409539857344686
prompt_pronouns_per_sentence,prompt_multi_pp_head_ratio,0.00038404206219571415
prompt_clausal_branching_factor,prompt_verb_coordination_ratio,0.00038051768013778407
prompt_mean_competing_dependents_per_head,prompt_multi_pp_head_ratio,0.0003796534203195425
prompt_branching_factor_mean,prompt_noun_coordination_ratio,0.0003795064775467472
prompt_pronouns_per_sentence,prompt_noun_coordination_ratio,0.00037888787710322626
repo_total_known_size,prompt_mean_competing_dependents_per_head,0.0003787677064676415
repo_mean_file_depth,prompt_attachment_competition_ratio,0.00037819780780518026
repo_top_level_dir_count,prompt_multi_pp_head_ratio,0.00037816879291305196
patch_hunk_gap_mean,prompt_multi_antecedent_pronoun_ratio,0.0003778445815580456
repo_file_count,repo_test_file_count,0.000377823710037511
repo_test_ratio,prompt_adjacent_lemma_overlap_mean,0.0003775912831435828
prompt_sent_count,prompt_entity_reuse_ratio,0.00037726992829851717
repo_python_file_count,prompt_clausal_branching_factor,0.00037698965992379773
repo_python_file_count,prompt_pronouns_per_sentence,0.00037635231274860695
prompt_pp_density_per_clause,prompt_clause_nesting_depth_mean,0.0003755992594409623
prompt_pp_density_per_clause,prompt_multi_antecedent_pronoun_ratio,0.00037544742433819186
repo_total_known_size,prompt_sentence_embedding_sim_mean,0.00037540889268068884
prompt_dep_distance_max,prompt_noun_coordination_ratio,0.000374455814901003
prompt_mean_competing_dependents_per_head,prompt_clausal_branching_factor,0.00037276838674031603
repo_mean_known_file_size,prompt_noun_coordination_ratio,0.00037241846983058867
prompt_dep_distance_mean,prompt_multi_antecedent_pronoun_ratio,0.0003716978470732946
repo_dir_count,repo_has_docs_dir,0.00037123482341078657
repo_python_file_count,patch_edit_fragmentation,0.00037123086466440535
prompt_sent_count,prompt_clause_length_mean,0.00037066866441157594
repo_file_count,prompt_pronoun_candidate_antecedent_density,0.00037025935551566786
prompt_sentence_embedding_sim_mean,prompt_verb_coordination_ratio,0.0003702114041602366
patch_hunk_gap_mean,patch_primary_file_depth,0.0003701150731867592
repo_total_known_size,prompt_sentence_embedding_sim_min,0.00036853401397906005
repo_python_file_count,prompt_attachment_competition_ratio,0.0003683865764006102
prompt_pronouns_per_sentence,prompt_mean_conj_chain_len,0.0003682209921606187
prompt_clause_length_mean,prompt_verb_coordination_ratio,0.00036737345159798567
repo_top_level_dir_count,prompt_mean_conj_chain_len,0.0003670950197390718
prompt_mean_competing_dependents_per_head,prompt_dep_distance_mean,0.0003670664922504597
patch_lines_added,prompt_multi_antecedent_pronoun_ratio,0.00036675879329546373
repo_test_ratio,prompt_dep_distance_max,0.0003658258725038816
prompt_clausal_branching_factor,prompt_multi_antecedent_pronoun_ratio,0.00036553948124659624
prompt_clause_nesting_depth_mean,prompt_mean_conj_chain_len,0.0003651310391168986
prompt_sent_count,prompt_len_bpe,0.00036459492959155996
patch_python_files_changed,prompt_adjacent_lemma_overlap_mean,0.00036440382745226135
repo_dir_count,prompt_dep_distance_max,0.00036406419298456305
repo_total_known_size,prompt_mean_conj_chain_len,0.00036347160720389136
repo_file_count,prompt_dep_distance_mean,0.00036250339535695764
prompt_pp_density_per_clause,prompt_verb_coordination_ratio,0.000361896088298221
prompt_entity_reuse_ratio,prompt_noun_coordination_ratio,0.00036140795212459304
repo_dir_count,prompt_adjacent_lemma_overlap_mean,0.0003609343250489534
prompt_dep_distance_mean,prompt_mean_conj_chain_len,0.00036014856332433067
prompt_sent_count,prompt_noun_coordination_ratio,0.0003595831225857192
repo_basename_collision_count,prompt_branching_factor_mean,0.0003587542378203381
prompt_clause_nesting_depth_mean,prompt_verb_coordination_ratio,0.000358464043649458
repo_python_file_count,prompt_pp_density_per_noun,0.0003582051387435306
prompt_sent_count,prompt_clause_nesting_depth_mean,0.0003572358300563195
repo_mean_file_depth,prompt_pronouns_per_sentence,0.00035641388098407083
prompt_len_bpe,prompt_mean_conj_chain_len,0.0003556554715849784
repo_dir_count,prompt_sentence_embedding_sim_mean,0.00035556200835728803
prompt_entity_reuse_ratio,prompt_mean_conj_chain_len,0.0003554038701771464
prompt_len_bpe,prompt_multi_antecedent_pronoun_ratio,0.0003546399141230745
prompt_verb_coordination_ratio,prompt_attachment_competition_ratio,0.0003545587391628508
prompt_mean_competing_dependents_per_head,prompt_mean_conj_chain_len,0.0003544477868795205
repo_test_ratio,prompt_verb_coordination_ratio,0.0003529195528259503
repo_mean_file_depth,prompt_clausal_branching_factor,0.0003528782084166871
prompt_branching_factor_mean,prompt_attachment_competition_ratio,0.0003516897126060087
repo_file_count,prompt_mean_competing_dependents_per_head,0.0003515821491771359
repo_top_level_dir_count,prompt_sent_count,0.0003511521690924752
repo_file_count,prompt_branching_factor_mean,0.00035076752100757555
repo_mean_file_depth,prompt_dep_distance_max,0.00034979307367927366
repo_dir_count,prompt_clause_length_mean,0.0003496167160248594
repo_basename_collision_count,prompt_attachment_competition_ratio,0.00034958959858895393
patch_python_files_changed,prompt_coordination_density,0.00034957660562891674
prompt_clause_nesting_depth_mean,prompt_noun_coordination_ratio,0.00034877465835659986
repo_basename_collision_count,prompt_entity_reuse_ratio,0.0003473080837932088
repo_total_known_size,prompt_multi_antecedent_pronoun_ratio,0.00034640379469474475
prompt_branching_factor_mean,prompt_multi_antecedent_pronoun_ratio,0.00034534401454468157
repo_mean_known_file_size,prompt_verb_coordination_ratio,0.0003450917148083574
repo_python_file_count,repo_has_docs_dir,0.0003447826083146068
prompt_adjacent_lemma_overlap_mean,prompt_mean_conj_chain_len,0.00034451132278798214
repo_mean_file_depth,prompt_pronoun_candidate_antecedent_density,0.0003440818158212929
repo_file_count,prompt_adjacent_lemma_overlap_mean,0.00034386665762800724
repo_dir_count,prompt_branching_factor_mean,0.00034335650786448713
repo_test_file_count,prompt_clausal_branching_factor,0.0003425838472156621
repo_python_file_count,prompt_pp_density_per_clause,0.0003425500837990377
repo_total_known_size,prompt_pronoun_candidate_antecedent_density,0.00034202532440662085
patch_python_files_changed,prompt_clausal_branching_factor,0.0003412785262591213
repo_mean_file_depth,prompt_branching_factor_mean,0.000340689155520561
patch_python_files_changed,prompt_pp_density_per_clause,0.0003399777341619499
prompt_sent_count,prompt_branching_factor_mean,0.0003393076024698437
repo_test_file_count,prompt_mean_conj_chain_len,0.0003390984661392405
repo_dir_count,prompt_pronouns_per_sentence,0.00033867873966724626
patch_hunk_gap_mean,prompt_verb_coordination_ratio,0.0003377833326676113
prompt_sentence_embedding_sim_mean,prompt_noun_coordination_ratio,0.00033766943364390146
prompt_entity_reuse_ratio,prompt_clausal_branching_factor,0.00033722525700805354
repo_test_file_count,prompt_pronoun_candidate_antecedent_density,0.0003370264409912302
prompt_pronoun_candidate_antecedent_density,prompt_noun_coordination_ratio,0.0003362462171142227
prompt_entity_reuse_ratio,prompt_multi_antecedent_pronoun_ratio,0.0003356121366792703
repo_total_known_size,prompt_multi_pp_head_ratio,0.00033427571575711664
repo_total_known_size,prompt_verb_coordination_ratio,0.0003338489661049385
repo_python_file_count,prompt_verb_coordination_ratio,0.00033379280058074554
prompt_clause_length_mean,prompt_multi_pp_head_ratio,0.0003336628052118049
repo_mean_known_file_size,patch_churn_gini_over_files,0.0003330288614730418
prompt_sent_count,prompt_clausal_branching_factor,0.00033229623933396247
repo_python_file_count,prompt_multi_pp_head_ratio,0.00033218645209759736
prompt_len_bpe,prompt_verb_coordination_ratio,0.0003320367187657956
prompt_clausal_branching_factor,prompt_multi_pp_head_ratio,0.00033190811019897636
repo_top_level_dir_count,patch_churn_gini_over_files,0.0003315746777136534
prompt_sentence_embedding_sim_mean,prompt_multi_pp_head_ratio,0.00033064080409621625
prompt_sent_count,repo_test_file_count,0.00033057797173542046
prompt_sent_count,prompt_attachment_competition_ratio,0.0003299904771107576
patch_python_files_changed,patch_num_unique_dirs_changed,0.0003288415080442402
repo_python_file_count,prompt_mean_conj_chain_len,0.00032845962359331974
repo_basename_collision_count,prompt_pronouns_per_sentence,0.0003284048882101014
repo_dir_count,prompt_verb_coordination_ratio,0.00032629549329201796
repo_total_known_size,prompt_attachment_competition_ratio,0.00032592081021622164
repo_file_count,prompt_pronouns_per_sentence,0.0003246907003986126
repo_dir_count,prompt_clause_nesting_depth_mean,0.00032397124627906896
prompt_sent_count,repo_basename_collision_count,0.00032377017886797276
patch_edit_fragmentation,repo_test_file_count,0.00032371998853077485
repo_top_level_dir_count,prompt_verb_coordination_ratio,0.0003228253004385145
repo_dir_count,prompt_pp_density_per_clause,0.00032053522010244364
prompt_coordination_density,prompt_noun_coordination_ratio,0.0003203808109703019
prompt_dep_distance_mean,prompt_multi_pp_head_ratio,0.0003191169302725785
repo_dir_count,prompt_entity_reuse_ratio,0.0003186112746742949
repo_mean_file_depth,prompt_sentence_embedding_sim_mean,0.00031848954515068293
prompt_clause_nesting_depth_mean,prompt_multi_pp_head_ratio,0.00031848055098102345
repo_test_file_count,prompt_adjacent_lemma_overlap_mean,0.0003182542986568094
repo_mean_file_depth,prompt_dep_distance_mean,0.00031788380337614353
prompt_pp_density_per_noun,repo_file_count,0.00031633127529116046
repo_basename_collision_count,prompt_mean_competing_dependents_per_head,0.00031547232958816586
repo_basename_collision_count,patch_churn_gini_over_files,0.00031542288313025137
prompt_sent_count,prompt_mean_competing_dependents_per_head,0.00031534567406539093
repo_mean_file_depth,prompt_sentence_embedding_sim_min,0.0003150964832893615
prompt_attachment_competition_ratio,prompt_noun_coordination_ratio,0.0003142369699261529
repo_file_count,prompt_pp_density_per_clause,0.000313965746192485
patch_lines_added,repo_max_depth,0.0003133397781894658
repo_basename_collision_count,prompt_sentence_embedding_sim_mean,0.0003126539661072058
repo_test_file_count,prompt_sentence_embedding_sim_mean,0.000312155403738082
repo_basename_collision_count,repo_max_depth,0.0003108617628129506
repo_file_count,prompt_dep_distance_max,0.0003104355945400096
repo_file_count,prompt_clause_length_mean,0.00030965126057248983
repo_basename_collision_count,prompt_clausal_branching_factor,0.00030700133074031935
repo_mean_file_depth,prompt_multi_pp_head_ratio,0.00030690677809729186
repo_python_file_count,patch_primary_file_depth,0.000305798816140604
patch_num_hunks,patch_src_files_changed,0.00030539951226528193
prompt_clause_length_mean,prompt_noun_coordination_ratio,0.00030419604746446916
prompt_len_bpe,prompt_noun_coordination_ratio,0.0003040928580424148
prompt_sent_count,prompt_pp_density_per_clause,0.00030365945185991566
repo_basename_collision_count,prompt_dep_distance_mean,0.00030103885848323063
repo_top_level_dir_count,repo_max_depth,0.00030095093921467367
prompt_pronouns_per_sentence,prompt_multi_antecedent_pronoun_ratio,0.0003004492097567305
repo_file_count,repo_has_tests_dir,0.00030033713033594063
patch_python_files_changed,prompt_len_bpe,0.0003000253454222459
repo_file_count,prompt_mean_conj_chain_len,0.00029884944628073666
repo_python_file_count,repo_max_depth,0.00029875037522298574
prompt_dep_distance_max,prompt_multi_antecedent_pronoun_ratio,0.0002986591871084628
prompt_sent_count,prompt_dep_distance_max,0.0002974998457806578
prompt_multi_antecedent_pronoun_ratio,prompt_mean_conj_chain_len,0.00029710073512213977
patch_python_files_changed,patch_src_files_changed,0.00029690309159162843
repo_mean_file_depth,prompt_mean_conj_chain_len,0.0002965061134858646
repo_basename_collision_count,prompt_mean_conj_chain_len,0.0002957050607482838
repo_python_file_count,patch_churn_gini_over_files,0.00029271238743610803
patch_python_files_changed,patch_edit_fragmentation,0.0002921910391215534
prompt_multi_antecedent_pronoun_ratio,prompt_verb_coordination_ratio,0.00029062673913258445
prompt_pp_density_per_noun,prompt_noun_coordination_ratio,0.00029032629576993316
repo_mean_file_depth,prompt_verb_coordination_ratio,0.00028989741576769876
repo_test_ratio,prompt_noun_coordination_ratio,0.0002894018620145001
repo_file_count,prompt_clausal_branching_factor,0.000288937969997221
prompt_multi_antecedent_pronoun_ratio,prompt_multi_pp_head_ratio,0.00028761508286373455
repo_mean_file_depth,prompt_noun_coordination_ratio,0.00028731884528441733
repo_dir_count,repo_has_examples_dir,0.00028688745302587267
repo_test_file_count,prompt_verb_coordination_ratio,0.0002867051058304134
repo_basename_collision_count,prompt_pronoun_candidate_antecedent_density,0.00028644071954090304
patch_lines_added,repo_has_examples_dir,0.0002853083368547209
repo_python_file_count,prompt_dep_distance_mean,0.0002842462566898005
patch_edit_fragmentation,prompt_pronouns_per_sentence,0.00028341489147702556
prompt_sent_count,prompt_dep_distance_mean,0.00028289400111948174
repo_test_file_count,prompt_multi_pp_head_ratio,0.00028203195706173127
prompt_multi_antecedent_pronoun_ratio,prompt_noun_coordination_ratio,0.0002818437958725083
repo_test_ratio,patch_primary_file_depth,0.0002807655268118077
patch_python_files_changed,repo_test_file_count,0.0002801490900484823
patch_num_hunks,prompt_mean_pp_chain_depth,0.0002798316127424228
prompt_coordination_density,prompt_mean_pp_chain_depth,0.0002796673989031958
repo_mean_file_depth,prompt_clause_length_mean,0.0002795855703669049
repo_basename_collision_count,prompt_pp_density_per_noun,0.00027906806235190016
patch_edit_fragmentation,prompt_sentence_embedding_sim_mean,0.00027897587938355745
prompt_mean_competing_dependents_per_head,repo_test_file_count,0.00027855763184930315
patch_edit_fragmentation,prompt_attachment_competition_ratio,0.0002782571042910294
repo_mean_file_depth,repo_max_depth,0.00027730399708952776
patch_hunk_gap_mean,prompt_mean_pp_chain_depth,0.0002767949703262797
prompt_entity_reuse_ratio,repo_max_depth,0.00027632993258368103
repo_total_known_size,prompt_noun_coordination_ratio,0.0002760535219985993
patch_edit_fragmentation,prompt_mean_competing_dependents_per_head,0.00027550699000347396
repo_basename_collision_count,prompt_pp_density_per_clause,0.0002749556210725026
patch_edit_fragmentation,prompt_multi_pp_head_ratio,0.0002745933594660506
patch_edit_fragmentation,prompt_clausal_branching_factor,0.00027454260523637503
repo_basename_collision_count,prompt_clause_length_mean,0.0002733726397774094
repo_mean_known_file_size,patch_primary_file_depth,0.0002731428592377509
repo_test_ratio,repo_has_examples_dir,0.0002727871830926169
repo_test_file_count,prompt_attachment_competition_ratio,0.00027214384042378105
repo_dir_count,prompt_mean_conj_chain_len,0.000270338193245314
repo_file_count,prompt_multi_pp_head_ratio,0.0002702000388441135
patch_python_files_changed,repo_file_count,0.00026996202610382326
patch_python_files_changed,prompt_attachment_competition_ratio,0.000269440836101059
prompt_pp_density_per_clause,prompt_mean_pp_chain_depth,0.00026928413674233046
patch_edit_fragmentation,prompt_pp_density_per_noun,0.00026794263199253536
prompt_mean_conj_chain_len,prompt_multi_pp_head_ratio,0.0002678828182662147
repo_dir_count,prompt_mean_competing_dependents_per_head,0.0002671368142715254
prompt_branching_factor_mean,prompt_sentence_embedding_sim_min,0.0002664487420164908
patch_hunk_gap_mean,repo_has_docs_dir,0.0002663631895760016
prompt_adjacent_lemma_overlap_mean,repo_max_depth,0.00026633388078683035
repo_basename_collision_count,prompt_dep_distance_max,0.00026447748636954647
repo_dir_count,repo_max_depth,0.0002643444212342769
repo_mean_file_depth,repo_has_tests_dir,0.00026294418815861676
repo_test_ratio,repo_max_depth,0.0002622270112097811
repo_test_file_count,prompt_noun_coordination_ratio,0.00026134523957568043
prompt_clausal_branching_factor,prompt_noun_coordination_ratio,0.00026039647385334743
prompt_sent_count,prompt_mean_conj_chain_len,0.00025957938410989864
prompt_sent_count,prompt_multi_antecedent_pronoun_ratio,0.0002588351447975754
repo_dir_count,patch_primary_file_depth,0.000258104760778508
patch_python_files_changed,prompt_pronoun_candidate_antecedent_density,0.00025785944010323086
repo_test_file_count,prompt_multi_antecedent_pronoun_ratio,0.0002578097827871566
repo_file_count,prompt_attachment_competition_ratio,0.0002566962927816804
prompt_sent_count,prompt_verb_coordination_ratio,0.0002565245134282638
prompt_multi_pp_head_ratio,prompt_noun_coordination_ratio,0.00025628555420895887
repo_basename_collision_count,prompt_sentence_embedding_sim_min,0.00025608986048993065
patch_python_files_changed,prompt_sent_count,0.0002555204341067862
patch_edit_fragmentation,prompt_coordination_density,0.000254518204001998
repo_dir_count,prompt_pp_density_per_noun,0.0002540035419895577
repo_top_level_dir_count,repo_has_examples_dir,0.0002536297059080002
repo_mean_known_file_size,repo_max_depth,0.00025345745292659863
patch_hunk_gap_mean,patch_churn_gini_over_files,0.0002528236050952143
repo_dir_count,prompt_pronoun_candidate_antecedent_density,0.0002526786085833556
patch_python_files_changed,repo_basename_collision_count,0.00025238250949557057
prompt_mean_competing_dependents_per_head,repo_has_examples_dir,0.00025230985853658366
repo_basename_collision_count,prompt_multi_pp_head_ratio,0.0002518941147924601
patch_edit_fragmentation,prompt_clause_nesting_depth_mean,0.0002518341216390495
repo_test_ratio,patch_churn_gini_over_files,0.0002490998931102511
prompt_clause_length_mean,repo_max_depth,0.00024898750075266735
patch_edit_fragmentation,prompt_multi_antecedent_pronoun_ratio,0.00024814716818510055
patch_lines_deleted,prompt_mean_pp_chain_depth,0.0002480685586634278
repo_total_known_size,patch_primary_file_depth,0.0002479430004355783
repo_file_count,prompt_sentence_embedding_sim_mean,0.00024740905255688883
repo_basename_collision_count,prompt_clause_nesting_depth_mean,0.0002473623964885311
patch_edit_fragmentation,prompt_pronoun_candidate_antecedent_density,0.00024655180165772774
prompt_len_bpe,repo_max_depth,0.00024462833072292034
prompt_sent_count,repo_file_count,0.00024431953991809423
repo_dir_count,prompt_dep_distance_mean,0.00024425507033543835
repo_basename_collision_count,repo_has_tests_dir,0.00024412786485053674
prompt_sent_count,repo_max_depth,0.00024353757625323192
patch_edit_fragmentation,prompt_dep_distance_max,0.00024238912116056113
repo_test_file_count,patch_primary_file_depth,0.00024223437689720764
repo_mean_file_depth,patch_primary_file_depth,0.00024209919175199407
patch_python_files_changed,prompt_multi_antecedent_pronoun_ratio,0.00024170695260036616
prompt_coordination_density,repo_max_depth,0.00023911006692753603
patch_python_files_changed,prompt_mean_competing_dependents_per_head,0.00023766439147225498
patch_num_hunks,patch_num_unique_dirs_changed,0.0002376031490143089
patch_lines_added,repo_has_docs_dir,0.00023712099415663102
repo_total_known_size,repo_max_depth,0.00023608927637428385
prompt_mean_conj_chain_len,repo_max_depth,0.00023466006538256184
prompt_sent_count,patch_edit_fragmentation,0.00023458300742243678
patch_edit_fragmentation,prompt_branching_factor_mean,0.0002324660230693304
repo_total_known_size,patch_src_files_changed,0.00023112679486480422
repo_dir_count,prompt_clausal_branching_factor,0.0002278822238985567
patch_num_hunks,patch_extensions_changed_count,0.0002271512967500484
repo_dir_count,patch_python_files_changed,0.0002259156018646223
patch_edit_fragmentation,prompt_noun_coordination_ratio,0.00022580193658870113
repo_python_file_count,prompt_noun_coordination_ratio,0.0002219410883587064
patch_edit_fragmentation,prompt_dep_distance_mean,0.00022147331590066215
patch_edit_fragmentation,prompt_pp_density_per_clause,0.0002209781526744436
patch_edit_fragmentation,prompt_verb_coordination_ratio,0.00021844102388714814
repo_dir_count,prompt_attachment_competition_ratio,0.0002182144715638116
patch_python_files_changed,prompt_pronouns_per_sentence,0.00021601686746887955
repo_total_known_size,patch_churn_gini_over_files,0.00021579160103731964
prompt_sentence_embedding_sim_mean,repo_max_depth,0.000215517209744834
prompt_entity_reuse_ratio,prompt_sentence_embedding_sim_min,0.0002136302083932625
prompt_sent_count,repo_has_tests_dir,0.0002121312000560507
prompt_pronouns_per_sentence,prompt_sentence_embedding_sim_min,0.00021134165987955468
patch_edit_fragmentation,prompt_adjacent_lemma_overlap_mean,0.00021070810470258158
patch_lines_added,prompt_mean_pp_chain_depth,0.0002103438269575049
prompt_len_bpe,prompt_mean_pp_chain_depth,0.00020906685310547506
patch_lines_deleted,repo_has_docs_dir,0.0002087956586745213
prompt_branching_factor_mean,patch_primary_file_depth,0.00020864530648761112
patch_edit_fragmentation,repo_has_tests_dir,0.0002086201223377873
patch_edit_fragmentation,prompt_clause_length_mean,0.0002080292367002811
prompt_branching_factor_mean,repo_max_depth,0.0002078512672944785
repo_has_tests_dir,patch_primary_file_depth,0.00020774307612200977
prompt_sent_count,patch_primary_file_depth,0.00020703585422175052
repo_basename_collision_count,prompt_noun_coordination_ratio,0.00020523178467590314
patch_lines_deleted,patch_num_unique_dirs_changed,0.00020506591778465046
repo_test_ratio,patch_src_files_changed,0.00020422699836989897
repo_mean_known_file_size,prompt_mean_pp_chain_depth,0.00020396165959779233
repo_dir_count,prompt_noun_coordination_ratio,0.00020364802475806388
repo_dir_count,prompt_multi_pp_head_ratio,0.00020322303007179026
repo_basename_collision_count,repo_has_docs_dir,0.00020290455034921516
repo_mean_known_file_size,repo_has_examples_dir,0.00020278098712176462
patch_python_files_changed,prompt_sentence_embedding_sim_mean,0.0002025699623684594
prompt_clause_nesting_depth_mean,patch_primary_file_depth,0.0002023338090949553
prompt_sent_count,repo_has_docs_dir,0.00020183120596446903
patch_lines_added,patch_extensions_changed_count,0.00020146641554207747
patch_extensions_changed_count,repo_has_examples_dir,0.0001981990292767408
prompt_multi_antecedent_pronoun_ratio,prompt_mean_pp_chain_depth,0.00019732233653919887
patch_edit_fragmentation,prompt_mean_conj_chain_len,0.00019688332065979797
repo_file_count,prompt_noun_coordination_ratio,0.0001945505785608671
prompt_adjacent_lemma_overlap_mean,patch_primary_file_depth,0.00019443753867075085
repo_total_known_size,repo_has_docs_dir,0.0001921076987456675
repo_top_level_dir_count,prompt_mean_pp_chain_depth,0.00019121541219577692
repo_file_count,repo_has_docs_dir,0.00019072836080770948
repo_python_file_count,prompt_sentence_embedding_sim_min,0.00019044039954024982
prompt_pronoun_candidate_antecedent_density,repo_max_depth,0.00018960749292024583
prompt_len_bpe,patch_primary_file_depth,0.000189482219180034
prompt_clause_nesting_depth_mean,repo_max_depth,0.00018941241201100292
prompt_coordination_density,repo_has_tests_dir,0.0001892542804130982
repo_mean_file_depth,repo_has_docs_dir,0.00018921269941288182
patch_python_files_changed,prompt_dep_distance_mean,0.000188855420791114
prompt_coordination_density,patch_primary_file_depth,0.00018834332589701792
patch_python_files_changed,prompt_entity_reuse_ratio,0.00018485176247819973
repo_basename_collision_count,prompt_verb_coordination_ratio,0.00018391199589674832
patch_python_files_changed,prompt_mean_conj_chain_len,0.00018377703477863932
prompt_adjacent_lemma_overlap_mean,prompt_mean_pp_chain_depth,0.00018291630872491245
patch_hunk_gap_mean,repo_has_examples_dir,0.00018107349522921437
repo_mean_known_file_size,prompt_sentence_embedding_sim_min,0.00018018939574491482
prompt_clausal_branching_factor,prompt_sentence_embedding_sim_min,0.00018006487350107905
repo_file_count,patch_primary_file_depth,0.00017889291470131376
patch_python_files_changed,prompt_sentence_embedding_sim_min,0.0001783675888714436
repo_top_level_dir_count,patch_src_files_changed,0.00017821555362420005
patch_edit_fragmentation,patch_primary_file_depth,0.00017801527220470432
repo_total_known_size,prompt_mean_pp_chain_depth,0.00017776853002353542
repo_test_ratio,prompt_mean_pp_chain_depth,0.00017743869608504912
prompt_entity_reuse_ratio,patch_primary_file_depth,0.00017702592693092905
patch_python_files_changed,prompt_clause_nesting_depth_mean,0.00017527607095793553
prompt_pronouns_per_sentence,repo_max_depth,0.00017509687197800764
prompt_multi_antecedent_pronoun_ratio,repo_max_depth,0.00017430367574069127
prompt_attachment_competition_ratio,patch_extensions_changed_count,0.000174302014730587
repo_total_known_size,repo_has_examples_dir,0.00017356324521160152
prompt_pronouns_per_sentence,patch_primary_file_depth,0.00017246460569284567
repo_python_file_count,repo_has_examples_dir,0.0001720682878150834
prompt_mean_competing_dependents_per_head,prompt_sentence_embedding_sim_min,0.00017162252722940807
patch_python_files_changed,repo_has_tests_dir,0.0001714499423220085
patch_hunk_gap_mean,patch_src_files_changed,0.00017129505232738002
prompt_pp_density_per_clause,repo_max_depth,0.0001701200005737909
patch_edit_fragmentation,prompt_sentence_embedding_sim_min,0.000169684763447259
patch_extensions_changed_count,patch_num_unique_dirs_changed,0.00016719922995137233
prompt_clausal_branching_factor,repo_max_depth,0.00016595408362248993
prompt_dep_distance_mean,prompt_sentence_embedding_sim_min,0.00016531348586847566
repo_test_ratio,repo_has_docs_dir,0.00016511039931453597
patch_python_files_changed,prompt_verb_coordination_ratio,0.00016411800484479456
repo_mean_file_depth,patch_churn_gini_over_files,0.00016392432019201155
patch_python_files_changed,prompt_branching_factor_mean,0.00016354716506525384
patch_edit_fragmentation,repo_has_docs_dir,0.00016286574734340748
prompt_mean_competing_dependents_per_head,repo_max_depth,0.00016244477048828096
prompt_len_bpe,repo_has_tests_dir,0.00016169537219557875
prompt_pp_density_per_noun,repo_max_depth,0.00016014561281758603
prompt_dep_distance_max,patch_primary_file_depth,0.00016011769665924072
prompt_pronoun_candidate_antecedent_density,repo_has_examples_dir,0.00015998938580007237
patch_python_files_changed,prompt_pp_density_per_noun,0.00015971819901027998
prompt_len_bpe,patch_churn_gini_over_files,0.00015964971334547093
repo_basename_collision_count,patch_primary_file_depth,0.00015887462445393993
prompt_pp_density_per_clause,patch_churn_gini_over_files,0.000158490749678386
prompt_pp_density_per_clause,prompt_sentence_embedding_sim_min,0.0001583512002142014
prompt_pronouns_per_sentence,prompt_mean_pp_chain_depth,0.00015804701285351995
prompt_clause_length_mean,prompt_mean_pp_chain_depth,0.00015699747288262116
prompt_dep_distance_mean,repo_max_depth,0.0001562809672474087
repo_test_file_count,prompt_sentence_embedding_sim_min,0.00015539726848827308
prompt_sent_count,patch_churn_gini_over_files,0.00015496399611600165
prompt_clause_nesting_depth_mean,patch_extensions_changed_count,0.0001544771205047626
repo_mean_file_depth,patch_extensions_changed_count,0.00015411769365509338
prompt_clausal_branching_factor,repo_has_examples_dir,0.00015324643573200517
prompt_len_bpe,prompt_sentence_embedding_sim_min,0.000153066845887868
prompt_sent_count,prompt_sentence_embedding_sim_min,0.00015273925294194236
prompt_clausal_branching_factor,patch_churn_gini_over_files,0.00015263076718598776
prompt_sentence_embedding_sim_min,repo_max_depth,0.0001516439354118996
prompt_clause_nesting_depth_mean,prompt_sentence_embedding_sim_min,0.00015132764127911226
repo_file_count,patch_src_files_changed,0.00015064890731303975
prompt_adjacent_lemma_overlap_mean,patch_extensions_changed_count,0.0001505371270702042
repo_mean_file_depth,patch_src_files_changed,0.00015052861884428916
prompt_clausal_branching_factor,patch_primary_file_depth,0.00014986200749534173
prompt_adjacent_lemma_overlap_mean,patch_churn_gini_over_files,0.00014954646012193748
prompt_mean_competing_dependents_per_head,patch_primary_file_depth,0.00014869156726325146
patch_edit_fragmentation,repo_max_depth,0.0001484334079302359
prompt_pp_density_per_noun,prompt_sentence_embedding_sim_min,0.0001482033706167952
prompt_dep_distance_max,repo_max_depth,0.00014797657252370295
prompt_dep_distance_mean,repo_has_examples_dir,0.00014789900688763936
prompt_coordination_density,patch_extensions_changed_count,0.0001477684222628043
prompt_noun_coordination_ratio,repo_max_depth,0.00014772663558148882
patch_lines_deleted,patch_extensions_changed_count,0.00014725209316108153
repo_has_tests_dir,prompt_pronoun_candidate_antecedent_density,0.00014652978299498838
repo_file_count,repo_has_examples_dir,0.00014623682526732784
prompt_sentence_embedding_sim_min,prompt_attachment_competition_ratio,0.00014550812961702648
prompt_clause_length_mean,repo_has_examples_dir,0.0001450663968546448
prompt_branching_factor_mean,repo_has_examples_dir,0.00014464836934125735
prompt_sentence_embedding_sim_mean,prompt_mean_pp_chain_depth,0.00014461471746391466
prompt_adjacent_lemma_overlap_mean,prompt_sentence_embedding_sim_min,0.0001433780141607386
repo_file_count,patch_churn_gini_over_files,0.00014245381283882765
prompt_coordination_density,repo_has_examples_dir,0.00014233888698293173
prompt_entity_reuse_ratio,prompt_mean_pp_chain_depth,0.00014218680590178512
prompt_entity_reuse_ratio,patch_extensions_changed_count,0.00014133773568506057
repo_file_count,prompt_sentence_embedding_sim_min,0.0001410133038153439
prompt_sentence_embedding_sim_min,prompt_multi_pp_head_ratio,0.00013997705492582217
repo_has_tests_dir,prompt_clause_length_mean,0.00013982280027588614
prompt_dep_distance_mean,patch_primary_file_depth,0.00013960689233725513
patch_python_files_changed,patch_extensions_changed_count,0.00013861043245687262
repo_test_file_count,patch_churn_gini_over_files,0.00013851695132562902
prompt_multi_pp_head_ratio,repo_max_depth,0.0001373625395871761
prompt_adjacent_lemma_overlap_mean,repo_has_examples_dir,0.00013674153350195218
prompt_clausal_branching_factor,prompt_mean_pp_chain_depth,0.0001367091358778633
repo_mean_file_depth,prompt_mean_pp_chain_depth,0.00013546958987313936
prompt_pp_density_per_noun,repo_has_tests_dir,0.00013540924139706896
prompt_pronoun_candidate_antecedent_density,patch_extensions_changed_count,0.00013533309757395343
patch_python_files_changed,prompt_clause_length_mean,0.00013530624576574222
repo_has_tests_dir,repo_max_depth,0.00013482900953837288
prompt_pronoun_candidate_antecedent_density,patch_churn_gini_over_files,0.00013481158430560955
prompt_branching_factor_mean,prompt_mean_pp_chain_depth,0.00013444275943951035
repo_has_tests_dir,prompt_adjacent_lemma_overlap_mean,0.00013427705536132157
prompt_sentence_embedding_sim_min,prompt_mean_conj_chain_len,0.00013172645774155197
repo_dir_count,prompt_mean_pp_chain_depth,0.00013163874328764498
patch_python_files_changed,repo_max_depth,0.00013077798621392918
repo_has_tests_dir,prompt_multi_antecedent_pronoun_ratio,0.00012989428075221304
patch_hunk_gap_mean,patch_num_unique_dirs_changed,0.0001292593013306678
patch_python_files_changed,prompt_noun_coordination_ratio,0.0001281301421957352
repo_has_tests_dir,prompt_pronouns_per_sentence,0.00012733268087498573
patch_python_files_changed,patch_primary_file_depth,0.00012564199683101675
patch_primary_file_depth,prompt_noun_coordination_ratio,0.0001253101064202897
prompt_clause_nesting_depth_mean,patch_churn_gini_over_files,0.00012522038136579983
prompt_pronoun_candidate_antecedent_density,prompt_sentence_embedding_sim_min,0.00012404797268662638
repo_test_file_count,prompt_mean_pp_chain_depth,0.00012391474392566928
prompt_attachment_competition_ratio,patch_primary_file_depth,0.0001234733199662721
patch_hunk_gap_mean,patch_extensions_changed_count,0.00012337915398961645
prompt_attachment_competition_ratio,repo_has_examples_dir,0.00012198341770802395
repo_mean_known_file_size,patch_src_files_changed,0.00012196778619440504
prompt_verb_coordination_ratio,patch_primary_file_depth,0.00012166635163120103
prompt_clause_length_mean,patch_churn_gini_over_files,0.00012103747802445432
patch_lines_added,patch_num_unique_dirs_changed,0.00012086771782426381
prompt_pronouns_per_sentence,patch_churn_gini_over_files,0.00011963828252797555
repo_dir_count,patch_churn_gini_over_files,0.00011918469339653502
prompt_sentence_embedding_sim_mean,patch_primary_file_depth,0.00011841546866504091
prompt_sentence_embedding_sim_min,prompt_sentence_embedding_sim_mean,0.00011757110977106128
repo_has_tests_dir,prompt_branching_factor_mean,0.00011743554347831731
prompt_multi_antecedent_pronoun_ratio,patch_primary_file_depth,0.00011732404303135778
repo_mean_known_file_size,repo_has_docs_dir,0.00011654169768600059
prompt_pp_density_per_clause,patch_primary_file_depth,0.0001160271199160287
prompt_dep_distance_max,prompt_mean_pp_chain_depth,0.00011587369945400721
repo_dir_count,prompt_sentence_embedding_sim_min,0.00011504588733479454
prompt_multi_pp_head_ratio,prompt_mean_pp_chain_depth,0.00011458853884112642
repo_top_level_dir_count,patch_num_unique_dirs_changed,0.0001141994762491804
repo_has_tests_dir,prompt_dep_distance_max,0.00011414473163266337
prompt_clause_length_mean,patch_primary_file_depth,0.00011380808475476163
repo_file_count,prompt_mean_pp_chain_depth,0.00011328509813979993
prompt_pp_density_per_noun,prompt_mean_pp_chain_depth,0.00011135121304450403
prompt_attachment_competition_ratio,repo_max_depth,0.00011096696402338066
prompt_clause_nesting_depth_mean,repo_has_examples_dir,0.00011022635546678853
repo_total_known_size,patch_extensions_changed_count,0.00011022480686631479
prompt_pronoun_candidate_antecedent_density,patch_primary_file_depth,0.00010985209918700458
prompt_dep_distance_mean,prompt_mean_pp_chain_depth,0.00010974304695869825
patch_extensions_changed_count,patch_churn_gini_over_files,0.00010965699319715861
prompt_entity_reuse_ratio,patch_churn_gini_over_files,0.00010910328132969283
prompt_clause_length_mean,patch_extensions_changed_count,0.00010888084958010146
prompt_coordination_density,prompt_sentence_embedding_sim_min,0.0001085855603828426
patch_python_files_changed,prompt_dep_distance_max,0.00010858367133164636
prompt_mean_competing_dependents_per_head,prompt_mean_pp_chain_depth,0.00010858221470832015
repo_test_file_count,repo_has_docs_dir,0.00010731047669028802
prompt_mean_competing_dependents_per_head,repo_has_tests_dir,0.00010719599763931275
repo_python_file_count,patch_num_unique_dirs_changed,0.00010709670096372331
repo_top_level_dir_count,patch_extensions_changed_count,0.00010662329389429562
prompt_mean_conj_chain_len,patch_primary_file_depth,0.0001065917141982457
prompt_sentence_embedding_sim_min,prompt_verb_coordination_ratio,0.0001057263499087244
prompt_verb_coordination_ratio,repo_max_depth,0.00010559498740387082
prompt_multi_pp_head_ratio,patch_primary_file_depth,0.00010554025415514335
prompt_sent_count,patch_num_unique_dirs_changed,0.00010505300138651613
prompt_sentence_embedding_sim_min,prompt_dep_distance_max,0.00010435285021719638
prompt_verb_coordination_ratio,prompt_mean_pp_chain_depth,0.00010417544312157021
repo_has_tests_dir,prompt_mean_conj_chain_len,0.00010330784264088805
prompt_pp_density_per_noun,repo_has_examples_dir,0.00010284781288774397
repo_test_file_count,patch_num_unique_dirs_changed,0.00010247086911964631
repo_dir_count,patch_src_files_changed,0.00010202012033971232
patch_churn_gini_over_files,patch_num_unique_dirs_changed,0.0001019592581683368
repo_mean_known_file_size,patch_extensions_changed_count,0.00010193730163458235
repo_basename_collision_count,patch_src_files_changed,0.00010188217304647141
prompt_attachment_competition_ratio,prompt_mean_pp_chain_depth,0.00010136725958507516
prompt_pronouns_per_sentence,repo_has_examples_dir,0.00010128561468720531
repo_mean_file_depth,patch_num_unique_dirs_changed,0.00010068152447190915
prompt_mean_competing_dependents_per_head,patch_num_unique_dirs_changed,0.00010067107358975243
prompt_pp_density_per_clause,repo_has_tests_dir,0.00010056797004316345
prompt_pp_density_per_noun,patch_primary_file_depth,9.974031539127426e-05
prompt_pp_density_per_clause,repo_has_examples_dir,9.973303290552191e-05
prompt_pronoun_candidate_antecedent_density,repo_has_docs_dir,9.924022143754365e-05
prompt_clause_nesting_depth_mean,prompt_mean_pp_chain_depth,9.911527167459058e-05
prompt_dep_distance_mean,patch_churn_gini_over_files,9.880633958181422e-05
prompt_branching_factor_mean,patch_churn_gini_over_files,9.860896312456113e-05
repo_mean_known_file_size,patch_num_unique_dirs_changed,9.83515199666606e-05
prompt_pp_density_per_noun,patch_churn_gini_over_files,9.81470807550515e-05
prompt_entity_reuse_ratio,repo_has_examples_dir,9.779373549421615e-05
prompt_sentence_embedding_sim_mean,repo_has_examples_dir,9.748598020824899e-05
prompt_sentence_embedding_sim_min,prompt_noun_coordination_ratio,9.739745612787636e-05
prompt_dep_distance_max,repo_has_examples_dir,9.644458159380316e-05
prompt_mean_conj_chain_len,prompt_mean_pp_chain_depth,9.57488859208199e-05
patch_edit_fragmentation,repo_has_examples_dir,9.570133242898255e-05
repo_python_file_count,prompt_mean_pp_chain_depth,9.537244354955565e-05
prompt_branching_factor_mean,repo_has_docs_dir,9.496786306849567e-05
prompt_multi_pp_head_ratio,repo_has_examples_dir,9.484171537475894e-05
prompt_mean_pp_chain_depth,repo_has_examples_dir,9.481818050979575e-05
prompt_sentence_embedding_sim_mean,patch_extensions_changed_count,9.428017715384334e-05
patch_edit_fragmentation,patch_churn_gini_over_files,9.415273500426721e-05
repo_python_file_count,patch_src_files_changed,9.395780163940191e-05
prompt_len_bpe,repo_has_docs_dir,9.388826195187838e-05
repo_has_tests_dir,prompt_clausal_branching_factor,9.362758612230917e-05
prompt_attachment_competition_ratio,patch_churn_gini_over_files,9.271616573724017e-05
prompt_pronoun_candidate_antecedent_density,prompt_mean_pp_chain_depth,9.263198881441673e-05
prompt_sentence_embedding_sim_min,prompt_multi_antecedent_pronoun_ratio,9.256563953008372e-05
prompt_coordination_density,patch_churn_gini_over_files,9.254140577837807e-05
prompt_len_bpe,repo_has_examples_dir,9.252971717592003e-05
repo_has_tests_dir,prompt_verb_coordination_ratio,9.248509417849637e-05
repo_python_file_count,patch_extensions_changed_count,9.183590513059773e-05
prompt_pronouns_per_sentence,patch_extensions_changed_count,9.136311284444165e-05
repo_test_ratio,patch_extensions_changed_count,9.125806453677756e-05
prompt_mean_competing_dependents_per_head,patch_extensions_changed_count,9.086077437748487e-05
repo_basename_collision_count,repo_has_examples_dir,9.065739516260134e-05
prompt_clause_nesting_depth_mean,repo_has_tests_dir,9.049166320075955e-05
prompt_mean_conj_chain_len,repo_has_examples_dir,9.046932561445798e-05
prompt_dep_distance_max,patch_churn_gini_over_files,9.013073344542276e-05
prompt_sentence_embedding_sim_min,prompt_clause_length_mean,9.011789676464802e-05
repo_has_tests_dir,prompt_dep_distance_mean,9.011005216161673e-05
repo_basename_collision_count,patch_num_unique_dirs_changed,8.93841884798024e-05
prompt_mean_conj_chain_len,patch_churn_gini_over_files,8.93383702870899e-05
prompt_entity_reuse_ratio,repo_has_tests_dir,8.785105676651283e-05
patch_edit_fragmentation,patch_src_files_changed,8.7088486948612e-05
prompt_verb_coordination_ratio,patch_extensions_changed_count,8.542562443363643e-05
prompt_sentence_embedding_sim_min,patch_primary_file_depth,8.528561208970415e-05
prompt_multi_antecedent_pronoun_ratio,patch_churn_gini_over_files,8.491825176802494e-05
prompt_branching_factor_mean,patch_src_files_changed,8.41931907906953e-05
prompt_pronouns_per_sentence,repo_has_docs_dir,8.354851094107445e-05
prompt_sentence_embedding_sim_mean,patch_churn_gini_over_files,8.243654640578066e-05
prompt_pp_density_per_noun,patch_extensions_changed_count,8.234250339225727e-05
prompt_pp_density_per_clause,patch_extensions_changed_count,8.227841674790444e-05
prompt_coordination_density,repo_has_docs_dir,8.225974478741203e-05
prompt_noun_coordination_ratio,patch_churn_gini_over_files,8.179880038989023e-05
prompt_attachment_competition_ratio,patch_num_unique_dirs_changed,8.050597954477513e-05
repo_has_tests_dir,prompt_sentence_embedding_sim_mean,8.021416659448911e-05
repo_has_tests_dir,prompt_multi_pp_head_ratio,8.018328549394763e-05
repo_test_file_count,repo_has_examples_dir,8.015176208011044e-05
prompt_len_bpe,patch_src_files_changed,7.92253174142438e-05
prompt_multi_pp_head_ratio,patch_churn_gini_over_files,7.904281318446212e-05
repo_test_file_count,patch_src_files_changed,7.88947290844158e-05
patch_edit_fragmentation,patch_extensions_changed_count,7.884823418994e-05
repo_mean_file_depth,repo_has_examples_dir,7.826228725111451e-05
repo_max_depth,patch_churn_gini_over_files,7.813488969509492e-05
prompt_multi_pp_head_ratio,patch_num_unique_dirs_changed,7.776708055665781e-05
prompt_noun_coordination_ratio,prompt_mean_pp_chain_depth,7.743825847504146e-05
repo_has_tests_dir,prompt_mean_pp_chain_depth,7.733968717751284e-05
prompt_adjacent_lemma_overlap_mean,patch_num_unique_dirs_changed,7.726762355279732e-05
prompt_sentence_embedding_sim_min,patch_churn_gini_over_files,7.690759805779873e-05
prompt_sent_count,patch_extensions_changed_count,7.664449084412055e-05
prompt_len_bpe,patch_extensions_changed_count,7.631765731246677e-05
patch_edit_fragmentation,patch_num_unique_dirs_changed,7.630632977845526e-05
prompt_mean_competing_dependents_per_head,patch_churn_gini_over_files,7.612364955962313e-05
prompt_multi_antecedent_pronoun_ratio,repo_has_docs_dir,7.494250846163162e-05
prompt_dep_distance_mean,patch_extensions_changed_count,7.480549390284805e-05
prompt_mean_competing_dependents_per_head,repo_has_docs_dir,7.338447594792139e-05
prompt_multi_antecedent_pronoun_ratio,repo_has_examples_dir,7.320554662125622e-05
prompt_clausal_branching_factor,patch_num_unique_dirs_changed,7.31037221783933e-05
prompt_verb_coordination_ratio,repo_has_examples_dir,7.308512567487546e-05
repo_test_file_count,patch_extensions_changed_count,7.295241019565873e-05
repo_has_tests_dir,patch_churn_gini_over_files,7.272528347743607e-05
prompt_clausal_branching_factor,patch_extensions_changed_count,7.165770416795372e-05
repo_max_depth,patch_extensions_changed_count,7.162038292214027e-05
repo_has_docs_dir,patch_src_files_changed,7.16054691976194e-05
prompt_branching_factor_mean,patch_extensions_changed_count,7.122360569841066e-05
patch_edit_fragmentation,prompt_mean_pp_chain_depth,7.106244920007775e-05
prompt_dep_distance_mean,repo_has_docs_dir,7.089295104268303e-05
prompt_clausal_branching_factor,patch_src_files_changed,7.08354720377843e-05
repo_test_ratio,patch_num_unique_dirs_changed,7.050453249882505e-05
prompt_verb_coordination_ratio,patch_churn_gini_over_files,6.976104614128351e-05
prompt_sent_count,prompt_mean_pp_chain_depth,6.93679290285082e-05
prompt_entity_reuse_ratio,repo_has_docs_dir,6.926843587799445e-05
prompt_multi_antecedent_pronoun_ratio,patch_extensions_changed_count,6.808149331166238e-05
repo_total_known_size,patch_num_unique_dirs_changed,6.712323208062378e-05
prompt_pronoun_candidate_antecedent_density,patch_num_unique_dirs_changed,6.711175374589663e-05
prompt_noun_coordination_ratio,repo_has_examples_dir,6.626514713630871e-05
prompt_clause_length_mean,patch_num_unique_dirs_changed,6.604464793454242e-05
prompt_clausal_branching_factor,repo_has_docs_dir,6.493801893049269e-05
patch_primary_file_depth,repo_max_depth,6.477241106194508e-05
patch_python_files_changed,prompt_mean_pp_chain_depth,6.43679307574878e-05
repo_max_depth,repo_has_examples_dir,6.350852027182606e-05
repo_file_count,patch_num_unique_dirs_changed,6.293570401034701e-05
prompt_multi_pp_head_ratio,repo_has_docs_dir,6.251820908487104e-05
prompt_clause_length_mean,repo_has_docs_dir,6.212079260661034e-05
repo_basename_collision_count,prompt_mean_pp_chain_depth,6.14908831261835e-05
prompt_adjacent_lemma_overlap_mean,repo_has_docs_dir,6.106090782521253e-05
prompt_clause_nesting_depth_mean,patch_num_unique_dirs_changed,6.0871505466260204e-05
prompt_pp_density_per_noun,repo_has_docs_dir,6.0862733692074354e-05
prompt_len_bpe,patch_num_unique_dirs_changed,6.031776519213726e-05
prompt_pp_density_per_clause,patch_num_unique_dirs_changed,5.982335215523146e-05
prompt_clause_nesting_depth_mean,repo_has_docs_dir,5.8663199389274016e-05
prompt_sentence_embedding_sim_mean,patch_src_files_changed,5.85904055278198e-05
prompt_noun_coordination_ratio,patch_num_unique_dirs_changed,5.8359054762399335e-05
prompt_pp_density_per_clause,repo_has_docs_dir,5.8104968559316434e-05
prompt_sentence_embedding_sim_min,patch_src_files_changed,5.7804076250907367e-05
prompt_dep_distance_mean,patch_src_files_changed,5.732312823421597e-05
patch_python_files_changed,repo_has_docs_dir,5.711246078935824e-05
prompt_sentence_embedding_sim_min,repo_has_examples_dir,5.681974670519037e-05
prompt_sent_count,patch_src_files_changed,5.6043427706252954e-05
repo_basename_collision_count,patch_extensions_changed_count,5.596087842330484e-05
prompt_attachment_competition_ratio,repo_has_docs_dir,5.546429059106103e-05
prompt_verb_coordination_ratio,repo_has_docs_dir,5.4970720429872846e-05
prompt_dep_distance_max,patch_extensions_changed_count,5.486190197633006e-05
repo_dir_count,patch_num_unique_dirs_changed,5.46681601791077e-05
repo_has_tests_dir,prompt_noun_coordination_ratio,5.4587040829457665e-05
patch_churn_gini_over_files,repo_has_examples_dir,5.395992414604352e-05
prompt_clause_nesting_depth_mean,patch_src_files_changed,5.358715577938536e-05
prompt_multi_antecedent_pronoun_ratio,patch_num_unique_dirs_changed,5.349625586601351e-05
prompt_multi_pp_head_ratio,patch_extensions_changed_count,5.339086100942221e-05
repo_has_tests_dir,repo_has_examples_dir,5.314326559106216e-05
prompt_adjacent_lemma_overlap_mean,patch_src_files_changed,5.2255001424958635e-05
prompt_sent_count,repo_has_examples_dir,5.118259197837382e-05
prompt_dep_distance_max,patch_num_unique_dirs_changed,5.1021751024788994e-05
repo_has_tests_dir,patch_num_unique_dirs_changed,5.0939297764098725e-05
prompt_noun_coordination_ratio,patch_extensions_changed_count,5.0045183563094595e-05
patch_churn_gini_over_files,patch_src_files_changed,4.9783522121076884e-05
prompt_sentence_embedding_sim_mean,repo_has_docs_dir,4.93493444495007e-05
repo_has_tests_dir,prompt_attachment_competition_ratio,4.891681169646047e-05
prompt_verb_coordination_ratio,patch_num_unique_dirs_changed,4.8864745597379544e-05
prompt_mean_conj_chain_len,patch_extensions_changed_count,4.8730374677446786e-05
patch_python_files_changed,repo_has_examples_dir,4.765603575961088e-05
prompt_pp_density_per_clause,patch_src_files_changed,4.712428399034331e-05
prompt_noun_coordination_ratio,repo_has_docs_dir,4.575315390343006e-05
prompt_dep_distance_max,repo_has_docs_dir,4.547495729048356e-05
prompt_entity_reuse_ratio,patch_src_files_changed,4.503717619255935e-05
patch_churn_gini_over_files,repo_has_docs_dir,4.485631439039327e-05
prompt_multi_pp_head_ratio,patch_src_files_changed,4.465054640523029e-05
prompt_sentence_embedding_sim_min,patch_extensions_changed_count,4.4368743596840345e-05
patch_extensions_changed_count,repo_has_docs_dir,4.4104715313366824e-05
patch_extensions_changed_count,patch_src_files_changed,4.3840507141672455e-05
prompt_mean_competing_dependents_per_head,patch_src_files_changed,4.289219234196158e-05
prompt_mean_conj_chain_len,repo_has_docs_dir,4.2718875077900326e-05
prompt_coordination_density,patch_src_files_changed,4.264266831098785e-05
patch_primary_file_depth,patch_src_files_changed,4.253787799724615e-05
prompt_mean_conj_chain_len,patch_num_unique_dirs_changed,4.2451762722831166e-05
prompt_branching_factor_mean,patch_num_unique_dirs_changed,4.20516257397747e-05
repo_has_tests_dir,repo_has_docs_dir,4.109049487582086e-05
prompt_pp_density_per_noun,patch_src_files_changed,4.097580453394558e-05
repo_dir_count,patch_extensions_changed_count,4.0861583153206876e-05
prompt_dep_distance_mean,patch_num_unique_dirs_changed,4.069848321899441e-05
prompt_coordination_density,patch_num_unique_dirs_changed,3.967104457618358e-05
repo_max_depth,prompt_mean_pp_chain_depth,3.8325889051925364e-05
prompt_pp_density_per_noun,patch_num_unique_dirs_changed,3.798813340106194e-05
prompt_pronouns_per_sentence,patch_num_unique_dirs_changed,3.797173690169025e-05
repo_file_count,patch_extensions_changed_count,3.755731272957197e-05
prompt_entity_reuse_ratio,patch_num_unique_dirs_changed,3.7370811148468824e-05
prompt_dep_distance_max,patch_src_files_changed,3.7271939812833346e-05
patch_primary_file_depth,repo_has_examples_dir,3.692112629274692e-05
prompt_clause_length_mean,patch_src_files_changed,3.542695080120104e-05
patch_primary_file_depth,prompt_mean_pp_chain_depth,3.485932629945396e-05
prompt_attachment_competition_ratio,patch_src_files_changed,3.4679088875938474e-05
patch_primary_file_depth,patch_churn_gini_over_files,3.4412698506233725e-05
prompt_pronouns_per_sentence,patch_src_files_changed,3.332907669656402e-05
prompt_sentence_embedding_sim_mean,patch_num_unique_dirs_changed,3.2260263538236955e-05
repo_max_depth,patch_num_unique_dirs_changed,3.2146444729744175e-05
prompt_verb_coordination_ratio,patch_src_files_changed,3.1186268722124064e-05
prompt_sentence_embedding_sim_min,repo_has_docs_dir,3.100457258913385e-05
patch_primary_file_depth,repo_has_docs_dir,3.0166684124114647e-05
prompt_pronoun_candidate_antecedent_density,patch_src_files_changed,2.767270214460335e-05
prompt_sentence_embedding_sim_min,prompt_mean_pp_chain_depth,2.63971950260799e-05
prompt_noun_coordination_ratio,patch_src_files_changed,2.615703008639989e-05
repo_has_tests_dir,patch_extensions_changed_count,2.5079706795903744e-05
prompt_mean_conj_chain_len,patch_src_files_changed,2.420028741799768e-05
patch_extensions_changed_count,prompt_mean_pp_chain_depth,2.304572929668796e-05
prompt_mean_pp_chain_depth,repo_has_docs_dir,2.267598154175433e-05
repo_max_depth,repo_has_docs_dir,2.2600645334217275e-05
prompt_multi_antecedent_pronoun_ratio,patch_src_files_changed,2.1621169049727835e-05
repo_has_examples_dir,patch_src_files_changed,2.0133189979899832e-05
prompt_sentence_embedding_sim_min,patch_num_unique_dirs_changed,2.0015370250847953e-05
patch_churn_gini_over_files,prompt_mean_pp_chain_depth,1.919015857923696e-05
prompt_mean_pp_chain_depth,patch_src_files_changed,1.7593492098265205e-05
patch_primary_file_depth,patch_extensions_changed_count,1.7399065342304122e-05
prompt_mean_pp_chain_depth,patch_num_unique_dirs_changed,1.6141747703282674e-05
patch_primary_file_depth,patch_num_unique_dirs_changed,1.573868118364959e-05
repo_max_depth,patch_src_files_changed,1.5160130655418834e-05
repo_has_tests_dir,prompt_sentence_embedding_sim_min,1.413772368568615e-05
patch_src_files_changed,patch_num_unique_dirs_changed,1.1664529106907119e-05
repo_has_examples_dir,repo_has_docs_dir,1.0648115777378836e-05
repo_has_tests_dir,patch_src_files_changed,9.4765861071681e-06
repo_has_docs_dir,patch_num_unique_dirs_changed,4.020950498321638e-06
repo_has_examples_dir,patch_num_unique_dirs_changed,2.987507262764403e-06
